"bird_ID","date","bird_played","key_pecked"
"2","3/10/2017","b85w66",288
"2","3/10/2017","pu54bl21",10
"2","3/10/2017","y7wh27",168
"2","3/13/2017","bl17y31_UD",153
"2","3/13/2017","bl1p1_UD",175
"2","3/14/2017","bl17bl57_FD",402
"2","3/14/2017","bl32gy22_UD",712
"2","3/15/2017","p3y3",512
"2","3/15/2017","pu46w46",505
"2","3/22/2017","b85w66",296
"2","3/22/2017","pu54bl21",188
"2","3/23/2017","pu35pu36_UD",130
"2","3/23/2017","y40b7_UD",323
"2","3/26/2017","bl17bl57_FD",150
"2","3/26/2017","bl32gy22_UD",263
"2","3/27/2017","p3y3",152
"2","3/27/2017","pu46w46",85
"2","3/29/2017","b85w66",81
"2","3/29/2017","pu54bl21",92
"2","3/30/2017","pu35pu36_UD",361
"2","3/30/2017","y40b7_UD",542
"2","3/31/2017","bl17y31_UD",232
"2","3/31/2017","bl1p1_UD",256
"2","4/10/2017","pu35pu36_UD",116
"2","4/10/2017","y40b7_UD",262
"2","4/12/2017","bl17bl57_FD",203
"2","4/12/2017","bl32gy22_UD",559
"2","4/2/2017","bl17bl57_FD",282
"2","4/2/2017","bl32gy22_UD",899
"2","4/3/2017","p3y3",145
"2","4/3/2017","pu46w46",73
"2","4/7/2017","p3y3",131
"2","4/7/2017","pu46w46",154
"2","4/8/2017","bl17y31_UD",139
"2","4/8/2017","bl1p1_UD",117
"2","4/9/2017","b85w66",104
"2","4/9/2017","pu54bl21",145
"2","6/27/2017","bl17bl57_FD",270
"2","6/27/2017","bl32gy22_UD",28
"2","6/28/2017","bl32gy22_UD",1
"2","6/28/2017","pu35pu36_UD",6
"2","6/28/2017","y40b7_UD",439
"2","6/29/2017","pu35pu36_UD",129
"2","6/29/2017","y40b7_UD",222
"2","6/30/2017","pu35pu36_UD",139
"2","6/30/2017","y40b7_UD",137
"2","7/10/2017","yelred_FD",249
"2","7/10/2017","yelred_UD",145
"2","7/11/2017","bkor_FD",1
"2","7/11/2017","bkor_UD",4
"2","7/11/2017","yelred_FD",76
"2","7/11/2017","yelred_UD",101
"2","8/30/2017","bl17bl57_FD",384
"2","8/30/2017","bl32gy22_UD",44
"2","9/1/2017","pu35pu36_UD",582
"2","9/1/2017","y40b7_UD",410
"2","9/2/2017","y40b7_UD",311
"2","9/2/2017","y7wh27",305
"3","3/10/2017","pu54bl21",43
"3","3/10/2017","y7wh27",17
"3","3/13/2017","bl17y31_UD",49
"3","3/13/2017","bl1p1_UD",65
"3","3/14/2017","bl17bl57_FD",1087
"3","3/14/2017","bl32gy22_UD",289
"3","3/15/2017","p3y3",285
"3","3/15/2017","pu46w46",288
"3","3/22/2017","b85w66",11
"3","3/22/2017","pu54bl21",143
"3","3/23/2017","pu35pu36_UD",287
"3","3/23/2017","y40b7_UD",759
"3","3/24/2017","bl17y31_UD",614
"3","3/24/2017","bl1p1_UD",546
"3","3/26/2017","bl17bl57_FD",1318
"3","3/26/2017","bl32gy22_UD",602
"3","3/27/2017","p3y3",907
"3","3/27/2017","pu46w46",1133
"3","3/29/2017","b85w66",206
"3","3/29/2017","pu54bl21",498
"3","3/30/2017","pu35pu36_UD",1529
"3","3/30/2017","y40b7_UD",1155
"3","3/31/2017","bl17y31_UD",981
"3","3/31/2017","bl1p1_UD",596
"3","4/10/2017","bl17bl57_FD",652
"3","4/10/2017","bl32gy22_UD",1117
"3","4/12/2017","b85w66",1132
"3","4/12/2017","pu54bl21",1957
"3","4/2/2017","bl17bl57_FD",1495
"3","4/2/2017","bl32gy22_UD",943
"3","4/3/2017","p3y3",699
"3","4/3/2017","pu46w46",632
"3","4/7/2017","pu35pu36_UD",1313
"3","4/7/2017","y40b7_UD",1947
"3","4/8/2017","p3y3",2310
"3","4/8/2017","pu46w46",1288
"3","4/9/2017","bl17y31_UD",336
"3","4/9/2017","bl1p1_UD",286
"3","5/11/2017","p3y3",16
"3","5/11/2017","pu46w46",4
"3","5/6/2017","p3y3",24
"3","5/6/2017","pu46w46",143
"3","5/9/2017","p3y3",17
"3","5/9/2017","pu46w46",9
"3","7/11/2017","yelred_FD",111
"3","7/11/2017","yelred_UD",29
"3","7/12/2017","bkor_FD",326
"3","7/12/2017","bkor_UD",430
"3","7/12/2017","yelred_FD",13
"3","7/12/2017","yelred_UD",3
"3","7/17/2017","bkor_FD",235
"3","7/17/2017","bkor_UD",526
"3","7/18/2017","bkor_FD",361
"3","7/18/2017","bkor_UD",408
"3","7/19/2017","bkor_UD",63
"3","7/19/2017","pu35pu36_UD",151
"3","7/4/2017","bl17bl57_FD",498
"3","7/4/2017","bl32gy22_UD",19
"3","9/1/2017","bl17bl57_FD",70
"3","9/1/2017","bl32gy22_UD",6
"3","9/2/2017","bl32gy22_UD",7
"3","9/2/2017","y7wh27",27
"4","1/10/2018","bl14y6_FD",36
"4","1/10/2018","bl14y6_UD",16
"4","1/10/2018","pu55bl08_FD",172
"4","1/10/2018","yelred_UD",62
"4","1/11/2018","bl14y6_FD",97
"4","1/11/2018","bl14y6_UD",169
"4","1/11/2018","pu55bl08_FD",43
"4","1/12/2018","bl14y6_FD",14
"4","1/12/2018","pu35pu36_UD",208
"4","1/12/2018","y40b7_UD",7
"4","1/15/2018","bl17y31_UD",181
"4","1/15/2018","bl1p1_UD",52
"4","1/16/2018","bl17bl57_UD",102
"4","1/16/2018","bl1p1_UD",13
"4","1/16/2018","bl32gy22_UD",6
"4","1/18/2018","bl11pu3_FD",28
"4","1/18/2018","bl14y6_FD",50
"4","1/18/2018","bl14y6_UD",25
"4","1/19/2018","bl11pu3_FD",38
"4","1/19/2018","bl14y6_FD",9
"4","1/19/2018","bl14y6_UD",8
"4","1/22/2018","bl14y6_FD",53
"4","1/22/2018","bl14y6_UD",20
"4","1/22/2018","pu55bl08_FD",26
"4","1/24/2018","bl14y6_FD",190
"4","1/24/2018","pu55bl08_FD",224
"4","1/25/2018","bl14y6_FD",126
"4","1/25/2018","bl14y6_UD",71
"4","1/29/2018","bl11pu3_FD",383
"4","1/29/2018","bl14y6_FD",336
"4","1/29/2018","bl14y6_UD",9
"4","1/30/2018","bl11pu3_FD",231
"4","1/30/2018","bl14y6_FD",151
"4","1/8/2018","bkor_FD",7
"4","1/8/2018","bkor_UD",80
"4","1/9/2018","bkor_UD",1
"4","1/9/2018","yelred_FD",5
"4","1/9/2018","yelred_UD",120
"4","2/10/2018","bl11pu3_FD",578
"4","2/10/2018","bl14y6_FD",436
"4","2/10/2018","yelgrn_FD",18
"4","2/10/2018","yelgrn_UD",3
"4","2/5/2018","blk17_FD",447
"4","2/5/2018","blk17_UD",820
"4","2/5/2018","yelgrn_FD",54
"4","2/5/2018","yelgrn_UD",3
"4","2/6/2018","bl11pu3_FD",705
"4","2/6/2018","bl14y6_FD",466
"4","2/8/2018","bl14y6_FD",121
"4","2/8/2018","bl14y6_UD",255
"4","2/9/2018","yelgrn_FD",132
"4","2/9/2018","yelgrn_UD",85
"4","3/10/2017","b85w66",323
"4","3/10/2017","pu54bl21",7
"4","3/10/2017","y7wh27",24
"4","3/14/2017","bl17bl57_FD",938
"4","3/14/2017","bl32gy22_UD",475
"4","3/15/2017","p3y3",31
"4","3/15/2017","pu46w46",305
"4","3/23/2017","pu35pu36_UD",405
"4","3/23/2017","y40b7_UD",198
"4","3/24/2017","bl17y31_UD",171
"4","3/24/2017","bl1p1_UD",152
"4","3/26/2017","bl17bl57_FD",840
"4","3/26/2017","bl32gy22_UD",329
"4","3/27/2017","p3y3",68
"4","3/27/2017","pu46w46",108
"4","3/29/2017","b85w66",211
"4","3/29/2017","pu54bl21",168
"4","3/30/2017","pu35pu36_UD",197
"4","3/30/2017","y40b7_UD",351
"4","3/31/2017","bl17y31_UD",106
"4","3/31/2017","bl1p1_UD",89
"4","4/12/2017","pu35pu36_UD",150
"4","4/12/2017","y40b7_UD",144
"4","4/2/2017","bl17bl57_FD",390
"4","4/2/2017","bl32gy22_UD",181
"4","4/3/2017","p3y3",118
"4","4/3/2017","pu46w46",123
"4","4/9/2017","p3y3",94
"4","4/9/2017","pu46w46",47
"4","5/10/2017","pu35pu36_UD",259
"4","5/10/2017","y40b7_UD",72
"4","5/11/2017","p3y3",1357
"4","5/11/2017","pu46w46",410
"4","5/12/2017","b85w66",1117
"4","5/12/2017","pu54bl21",404
"4","5/16/2017","bl17y31_UD",179
"4","5/16/2017","bl1p1_UD",639
"4","5/17/2017","bl17bl57_FD",284
"4","5/17/2017","bl32gy22_UD",1215
"4","5/19/2017","bl17y31_UD",22
"4","5/19/2017","bl1p1_UD",937
"4","5/19/2017","pu54bl21",3
"4","5/20/2017","p3y3",415
"4","5/20/2017","pu46w46",592
"4","5/23/2017","pu35pu36_UD",517
"4","5/23/2017","y40b7_UD",504
"4","5/24/2017","bl17bl57_FD",115
"4","5/24/2017","bl32gy22_UD",406
"4","5/24/2017","pu35pu36_UD",145
"4","5/24/2017","y40b7_UD",1
"4","5/4/2017","bl17y31_UD",251
"4","5/4/2017","bl1p1_UD",172
"4","5/4/2017","y7wh27",9
"4","5/5/2017","p3y3",361
"4","5/5/2017","pu46w46",350
"4","5/6/2017","pu35pu36_UD",171
"4","5/6/2017","y40b7_UD",324
"4","5/7/2017","b85w66",812
"4","5/7/2017","pu54bl21",359
"4","5/8/2017","bl17bl57_FD",871
"4","5/8/2017","bl32gy22_UD",690
"4","6/2/2017","bl17bl57_FD",427
"4","6/2/2017","bl32gy22_UD",356
"4","6/2/2017","y7wh27",170
"4","8/31/2017","bl17bl57_FD",56
"4","8/31/2017","bl32gy22_UD",4
"4","8/31/2017","pu35pu36_UD",67
"4","8/31/2017","y40b7_UD",3
"5","1/10/2018","bkor_UD",1
"5","1/10/2018","yelred_FD",100
"5","1/10/2018","yelred_UD",10
"5","1/11/2018","bl14y6_FD",5
"5","1/11/2018","bl14y6_UD",4
"5","1/11/2018","pu55bl08_FD",19
"5","1/11/2018","yelred_FD",25
"5","1/11/2018","yelred_UD",2
"5","1/12/2018","bl14y6_FD",24
"5","1/12/2018","bl14y6_UD",10
"5","1/12/2018","pu35pu36_UD",81
"5","1/12/2018","y40b7_UD",6
"5","1/15/2018","bl17bl57_UD",98
"5","1/15/2018","bl32gy22_UD",271
"5","1/16/2018","bl17y31_UD",5
"5","1/16/2018","bl1p1_UD",68
"5","1/16/2018","bl32gy22_UD",3
"5","1/25/2018","bl11pu3_FD",1
"5","1/25/2018","bl11pu3_UD",4
"5","1/30/2018","bl11pu3_FD",5
"5","1/30/2018","bl14y6_FD",12
"5","2/5/2018","blk17_FD",1
"5","2/5/2018","blk17_UD",4
"5","2/5/2018","yelgrn_FD",3
"5","2/5/2018","yelgrn_UD",1
"5","2/8/2018","bl11pu3_FD",21
"5","2/8/2018","bl11pu3_UD",12
"5","3/17/2017","p3y3",122
"5","3/17/2017","pu46w46",160
"5","3/22/2017","b85w66",741
"5","3/22/2017","pu54bl21",222
"5","3/24/2017","bl17y31_UD",62
"5","3/24/2017","bl1p1_UD",129
"5","3/26/2017","bl17bl57_FD",552
"5","3/26/2017","bl32gy22_UD",334
"5","3/27/2017","p3y3",120
"5","3/27/2017","pu46w46",256
"5","3/29/2017","b85w66",154
"5","3/29/2017","pu54bl21",68
"5","3/30/2017","pu35pu36_UD",39
"5","3/30/2017","y40b7_UD",25
"5","3/31/2017","bl17y31_UD",15
"5","3/31/2017","bl1p1_UD",15
"5","4/10/2017","b85w66",281
"5","4/10/2017","pu54bl21",173
"5","4/2/2017","bl17bl57_FD",616
"5","4/2/2017","bl32gy22_UD",272
"5","4/3/2017","p3y3",65
"5","4/3/2017","pu46w46",94
"5","4/8/2017","bl17bl57_FD",78
"5","4/8/2017","bl32gy22_UD",94
"5","4/9/2017","pu35pu36_UD",82
"5","4/9/2017","y40b7_UD",50
"5","5/13/2017","bl17bl57_FD",61
"5","5/13/2017","bl32gy22_UD",102
"5","6/2/2017","bl17y31_UD",1
"5","6/2/2017","bl1p1_UD",4
"5","6/2/2017","y7wh27",30
"5","9/1/2017","pu35pu36_UD",315
"5","9/1/2017","y40b7_UD",135
"5","9/2/2017","y40b7_UD",135
"5","9/2/2017","y7wh27",932
"6","1/15/2018","yelred_FD",388
"6","1/15/2018","yelred_UD",154
"6","1/16/2018","pu35pu36_UD",199
"6","1/16/2018","y40b7_UD",384
"6","1/16/2018","yelred_FD",34
"6","1/16/2018","yelred_UD",3
"6","1/18/2018","bl11pu3_FD",312
"6","1/18/2018","bl11pu3_UD",613
"6","1/19/2018","bl11pu3_FD",197
"6","1/19/2018","bl11pu3_UD",350
"6","1/22/2018","bl17y31_UD",211
"6","1/22/2018","bl1p1_UD",94
"6","1/24/2018","bl11pu3_FD",151
"6","1/24/2018","bl4b13_FD",271
"6","1/25/2018","bl17bl57_UD",8
"6","1/25/2018","bl32gy22_UD",74
"6","1/26/2018","bl11pu3_FD",120
"6","1/26/2018","bl11pu3_UD",7
"6","1/26/2018","bl32gy22_UD",22
"6","1/29/2018","bl11pu3_FD",414
"6","1/29/2018","bl14y6_FD",181
"6","1/30/2018","bl11pu3_FD",510
"6","1/30/2018","bl14y6_FD",165
"6","2/10/2018","bl11pu3_FD",749
"6","2/10/2018","bl14y6_FD",74
"6","2/10/2018","yelgrn_FD",2
"6","2/10/2018","yelgrn_UD",66
"6","2/5/2018","blk17_FD",295
"6","2/5/2018","blk17_UD",357
"6","2/5/2018","yelgrn_UD",8
"6","2/6/2018","bl11pu3_FD",285
"6","2/6/2018","bl14y6_FD",173
"6","2/8/2018","bl11pu3_FD",162
"6","2/8/2018","bl11pu3_UD",327
"6","3/15/2018","bl14y6_FD",395
"6","3/15/2018","y7wh27",103
"6","3/16/2018","bl14y6_FD",216
"6","3/16/2018","y7wh27",294
"6","3/21/2018","bl35p35_calls",78
"6","3/21/2018","bl36p46_calls",42
"6","3/22/2018","bl14y6_FD",358
"6","3/22/2018","bl36p46_calls",235
"7","1/11/2018","bkor_UD",51
"7","1/11/2018","yelred_FD",53
"7","1/11/2018","yelred_UD",10
"7","1/12/2018","bl14y6_FD",11
"7","1/12/2018","bl14y6_UD",1
"7","1/12/2018","pu55bl08_FD",6
"7","1/15/2018","pu35pu36_UD",120
"7","1/15/2018","y40b7_UD",69
"7","1/16/2018","bl17y31_UD",142
"7","1/16/2018","bl1p1_UD",56
"7","1/16/2018","pu35pu36_UD",109
"7","1/16/2018","y40b7_UD",3
"7","1/18/2018","bl11pu3_FD",59
"7","1/18/2018","bl11pu3_UD",35
"7","1/19/2018","bl11pu3_FD",64
"7","1/19/2018","bl11pu3_UD",51
"7","1/22/2018","bl17bl57_UD",153
"7","1/22/2018","bl32gy22_UD",199
"7","1/30/2018","bl11pu3_FD",115
"7","1/30/2018","bl14y6_FD",621
"7","2/5/2018","blk17_FD",78
"7","2/5/2018","blk17_UD",41
"7","2/5/2018","yelgrn_FD",44
"7","2/5/2018","yelgrn_UD",2
"7","2/8/2018","bl11pu3_FD",84
"7","2/8/2018","bl11pu3_UD",66
"7","3/15/2018","bl11pu3_FD",66
"7","3/15/2018","y7wh27",56
"7","3/16/2018","bl11pu3_FD",141
"7","3/16/2018","y7wh27",76
"7","3/22/2018","bl35p35_calls",112
"7","3/22/2018","bl36p46_calls",13
"7","3/22/2018","y7wh27",25
"7","5/10/2017","bl17bl57_FD",58
"7","5/10/2017","bl32gy22_UD",76
"7","5/10/2017","y7wh27",27
"7","5/11/2017","b85w66",148
"7","5/11/2017","pu54bl21",94
"7","5/12/2017","bl17y31_UD",110
"7","5/12/2017","bl1p1_UD",82
"7","6/28/2017","bl32gy22_UD",21
"7","6/28/2017","y40b7_UD",59
"7","6/29/2017","pu35pu36_UD",105
"7","6/29/2017","y40b7_UD",17
"7","7/10/2017","yelred_FD",32
"7","7/10/2017","yelred_UD",90
"7","7/11/2017","bkor_UD",5
"7","7/11/2017","yelred_FD",7
"7","7/11/2017","yelred_UD",27
"7","7/13/2017","bkor_FD",14
"7","7/13/2017","bkor_UD",52
"7","7/18/2017","yelred_FD",49
"7","7/18/2017","yelred_UD",10
"7","7/19/2017","y40b7_UD",6
"7","7/19/2017","yelred_UD",16
"bl127pi154","1/23/2020","bl4b13_UD",111
"bl127pi154","1/23/2020","g32b89_UD",42
"bl127pi154","1/23/2020","yelred_FD",2
"bl127pi154","1/23/2020","yelred_UD",6
"bl145pi133","2/25/2020","bl11pu3_UD",18
"bl145pi133","2/25/2020","pi183y24_UD",8
"bl145pi133","2/26/2020","bl11pu3_UD",18
"bl145pi133","2/26/2020","pi183y24_UD",20
"bl145pi133","2/27/2020","bl11pu3_UD",26
"bl145pi133","2/27/2020","pi183y24_UD",29
"bl145pi133","3/3/2020","yelred_FD",7
"bl145pi133","3/3/2020","yelred_UD",12
"bl145pi133","3/4/2020","yelred_FD",47
"bl145pi133","3/4/2020","yelred_UD",115
"bl146ye16","2/19/2020","pu35pu36_UD",122
"bl146ye16","2/19/2020","y40b7_UD",69
"bl146ye16","2/26/2020","pu35pu36_UD",103
"bl146ye16","2/26/2020","y40b7_UD",14
"bl146ye16","2/4/2020","bl11pu3_UD",70
"bl146ye16","2/4/2020","pi183y24_UD",28
"bl181ye161","11/14/2019","bl43p196_UD",15
"bl181ye161","11/14/2019","bl4b13_UD",12
"bl181ye161","11/14/2019","bl62or12_error",340
"bl181ye161","11/15/2019","pu35pu36_UD",93
"bl181ye161","11/15/2019","y40b7_UD",29
"bl181ye161","11/19/2019","pu35pu36_UD",92
"bl181ye161","11/19/2019","y40b7_UD",114
"bl181ye161","11/19/2019","yelred_FD",6
"bl181ye161","12/6/2019","gy58gr08_FD",100
"bl181ye161","12/6/2019","gy58gr08_UD",72
"bl23y3","10/24/2018","yelred_FD",5
"bl23y3","10/24/2018","yelred_UD",251
"bl23y3","10/26/2018","bl100pu80_FD",25
"bl23y3","10/26/2018","bl100pu80_UD",56
"bl23y3","10/26/2018","yelred_FD",4
"bl23ye3","11/12/2018","bl36p46_calls",117
"bl23ye3","11/12/2018","bl43p196_UD",137
"bl23ye3","11/12/2018","bl4b13_UD",19
"bl23ye3","11/13/2018","bl11pu3_UD",131
"bl23ye3","11/13/2018","g32b89_UD",95
"bl23ye3","11/14/2018","bl11pu3_UD",404
"bl23ye3","11/14/2018","g32b89_UD",192
"bl23ye3","11/15/2018","blk17_FD",114
"bl23ye3","11/15/2018","blk17_UD",78
"bl23ye3","11/3/2018","bl100pu80_FD",10
"bl23ye3","11/3/2018","bl90pi15_FD",59
"bl23ye3","11/3/2018","pu17pu18_UD",132
"bl23ye3","11/6/2018","bl100pu80_FD",276
"bl23ye3","11/6/2018","bl100pu80_UD",18
"bl23ye3","11/6/2018","bl34pu94_FD",283
"bl23ye3","11/8/2018","bkor_FD",89
"bl23ye3","11/8/2018","bkor_UD",26
"bl23ye3","11/8/2018","bl100pu80_UD",21
"bl23ye3","11/9/2018","bkor_FD",144
"bl23ye3","11/9/2018","bkor_UD",224
"bl23ye3","11/9/2018","bl43p196_UD",10
"bl23ye3","11/9/2018","bl4b13_UD",19
"bl24pu79","11/30/2017","bl43p196_UD",97
"bl24pu79","11/30/2017","blk17_UD",87
"bl24pu79","12/1/2017","bl4b13_UD",59
"bl24pu79","12/1/2017","g32b89_UD",269
"bl24pu79","12/4/2017","bkor_UD",35
"bl24pu79","12/4/2017","pi183y24_UD",259
"bl24pu79","12/5/2017","bl11pu3_UD",55
"bl24pu79","12/5/2017","r16y36",275
"bl25pu80","10/30/2017","bl43p196_UD",107
"bl25pu80","10/30/2017","bl4b13_UD",86
"bl25pu80","10/31/2017","bl11pu3_UD",57
"bl25pu80","10/31/2017","g32b89_UD",50
"bl25pu80","11/1/2017","blk17_UD",54
"bl25pu80","11/1/2017","pi183y24_UD",146
"bl25pu80","11/2/2017","bkor_UD",64
"bl25pu80","11/2/2017","r16y36",164
"bl25pu80","11/30/2017","bl11pu3_UD",39
"bl25pu80","11/30/2017","pi183y24_UD",79
"bl25pu80","12/1/2017","bl4b13_UD",31
"bl25pu80","12/1/2017","g32b89_UD",62
"bl25pu80","12/4/2017","blk17_UD",32
"bl25pu80","12/4/2017","r16y36",161
"bl25pu80","12/5/2017","bkor_UD",48
"bl25pu80","12/5/2017","bl43p196_UD",182
"bl26pi26","10/27/2017","blk17_UD",97
"bl26pi26","10/27/2017","g32b89_UD",305
"bl26pi26","10/30/2017","bkor_UD",159
"bl26pi26","10/30/2017","pi183y24_UD",413
"bl26pi26","10/31/2017","bl4b13_UD",80
"bl26pi26","10/31/2017","r16y36",578
"bl26pi26","11/1/2017","bl11pu3_UD",54
"bl26pi26","11/1/2017","bl43p196_UD",360
"bl26pi26","11/14/2017","blk17_UD",81
"bl26pi26","11/14/2017","r16y36",259
"bl26pi26","11/15/2017","bl4b13_UD",61
"bl26pi26","11/15/2017","pi183y24_UD",229
"bl26pi26","11/16/2017","bkor_UD",71
"bl26pi26","11/16/2017","g32b89_UD",126
"bl26pi26","11/20/2017","bl11pu3_UD",54
"bl26pi26","11/20/2017","bl43p196_UD",279
"bl26pi26","11/29/2017","bl4b13_UD",53
"bl26pi26","11/29/2017","r16y36",53
"bl26pi26","12/1/2017","bkor_UD",31
"bl26pi26","12/1/2017","bl43p196_UD",69
"bl26pi26","12/4/2017","bl11pu3_UD",35
"bl26pi26","12/4/2017","pi183y24_UD",63
"bl26pi26","12/5/2017","blk17_UD",64
"bl26pi26","12/5/2017","g32b89_UD",67
"bl27","3/13/2018","p38y2_FD",88
"bl27","3/13/2018","p38y2_UD",98
"bl27","3/14/2018","p77y27_FD",203
"bl27","3/14/2018","p77y27_UD",72
"bl27","3/15/2018","w34r14_FD",118
"bl27","3/15/2018","w34r14_UD",171
"bl27","3/16/2018","p77y27_FD",106
"bl27","3/16/2018","p77y27_UD",95
"bl27","3/17/2018","p77y27_FD",27
"bl27","3/17/2018","p77y27_UD",24
"bl27","3/23/2018","bl62gr62_FD",28
"bl27","3/23/2018","bl62gr62_UD",87
"bl27","3/24/2018","p77y27_FD",24
"bl27","3/24/2018","p77y27_UD",158
"bl27","3/26/2018","p38y2_FD",19
"bl27","3/26/2018","p38y2_UD",83
"bl27","3/27/2018","w34r14_FD",37
"bl27","3/27/2018","w34r14_UD",37
"bl27pi44","1/14/2019","bkor_FD",886
"bl27pi44","1/14/2019","bkor_UD",1183
"bl27pi44","1/15/2019","bl33ye35_FD",170
"bl27pi44","1/15/2019","bl33ye35_UD",86
"bl27pi44","1/16/2019","bl33ye35_FD",5
"bl27pi44","1/16/2019","bl65wh75_FD",64
"bl27pi44","1/18/2019","bl65wh75_FD",89
"bl27pi44","1/18/2019","pu35pu36_UD",105
"bl27pi44","1/18/2019","y40b7_UD",18
"bl27pi44","1/24/2019","bl33ye35_FD",203
"bl27pi44","1/24/2019","bl65wh75_FD",160
"bl27pi44","1/8/2019","bl11pu3_UD",76
"bl27pi44","1/8/2019","bl43p196_UD",98
"bl27pi44","12/10/2018","bl100pu80_FD",34
"bl27pi44","12/10/2018","bl33ye35_FD",131
"bl27pi44","12/10/2018","bl33ye35_UD",1
"bl27pi44","12/10/2018","bl37p47_calls",3
"bl27pi44","12/12/2018","bl17bl57_UD",166
"bl27pi44","12/12/2018","bl32gy22_UD",151
"bl27pi44","12/13/2018","bl33ye35_FD",138
"bl27pi44","12/13/2018","pu21pu22_UD",251
"bl27pi44","12/3/2018","pu35pu36_UD",1009
"bl27pi44","12/3/2018","y40b7_UD",271
"bl27pi44","12/5/2018","bl17bl57_UD",190
"bl27pi44","12/5/2018","bl32gy22_UD",3
"bl27pi44","12/5/2018","blk17_FD",237
"bl27pi44","12/5/2018","blk17_UD",223
"bl27pi44","12/7/2018","bl100pu80_FD",12
"bl27pi44","12/7/2018","bl33ye35_FD",5
"bl27pi44","12/7/2018","bl90pi15_FD",279
"bl30ye82","10/10/2019","bl61or11_FD",135
"bl30ye82","10/10/2019","bl61or11_UD",513
"bl30ye82","10/10/2019","bl74gy24_FD",74
"bl30ye82","10/11/2019","bl61or11_FD",149
"bl30ye82","10/11/2019","bl74gy24_FD",261
"bl30ye82","10/3/2019","bl61or11_FD",4
"bl30ye82","10/3/2019","bl61or11_UD",191
"bl30ye82","10/3/2019","blk17_UD",1
"bl30ye82","10/8/2019","bl61or11_UD",10
"bl30ye82","10/8/2019","blk17_UD",8
"bl30ye82","8/23/2019","yelred_FD",361
"bl30ye82","8/23/2019","yelred_UD",28
"bl30ye82","8/26/2019","bl11pu3_UD",122
"bl30ye82","8/26/2019","bl63bk93_FD",25
"bl30ye82","8/26/2019","bl90or19_FD",44
"bl30ye82","8/26/2019","g32b89_UD",93
"bl30ye82","8/26/2019","yelred_UD",8
"bl30ye82","8/27/2019","bl61or11_FD",122
"bl30ye82","8/27/2019","bl74gy24_FD",349
"bl30ye82","8/27/2019","yelred_FD",160
"bl30ye82","8/27/2019","yelred_UD",3
"bl30ye82","8/28/2019","bkor_FD",99
"bl30ye82","8/28/2019","bkor_UD",220
"bl30ye82","8/28/2019","pu35pu36_UD",96
"bl30ye82","8/28/2019","y40b7_UD",18
"bl30ye82","8/29/2019","pu35pu36_UD",80
"bl30ye82","8/29/2019","y40b7_UD",39
"bl31b59","2/13/2018","fatsyllables",4
"bl31b59","2/13/2018","oldsyllables",61
"bl31b59","2/15/2018","fatsyllables",60
"bl31b59","2/15/2018","oldsyllables",21
"bl31b59","2/16/2018","fatsyllables",18
"bl31b59","2/16/2018","oldsyllables",158
"bl31b59","3/15/2018","bl11pu3_FD",199
"bl31b59","3/15/2018","y7wh27",35
"bl31b59","3/16/2018","bl11pu3_FD",70
"bl31b59","3/16/2018","y7wh27",62
"bl31b59","3/22/2018","bl11pu3_FD",7
"bl31b59","3/22/2018","bl11pu3_UD",24
"bl31b59","3/22/2018","y7wh27",1
"bl33pi53","11/12/2019","pu35pu36_UD",20
"bl33pi53","11/12/2019","y40b7_UD",54
"bl33pi53","11/14/2019","bl43p196_UD",79
"bl33pi53","11/14/2019","bl4b13_UD",55
"bl33pi53","11/14/2019","bl80bk11_error",130
"bl33pi53","11/21/2019","bkor_FD",100
"bl33pi53","11/21/2019","bkor_UD",32
"bl33pi53","11/21/2019","pu35pu36_UD",108
"bl33pi53","11/21/2019","y40b7_UD",60
"bl33pi53","12/2/2019","gy58gr08_FD",109
"bl33pi53","12/2/2019","gy58gr08_UD",80
"bl33pi53","12/6/2019","gy58gr08_FD",46
"bl33pi53","12/6/2019","gy58gr08_UD",106
"bl35p35","2/13/2018","fatsyllables",251
"bl35p35","2/13/2018","oldsyllables",399
"bl35p35","2/14/2018","fatsyllables",320
"bl35p35","2/14/2018","oldsyllables",170
"bl35p35","2/15/2018","fatsyllables",182
"bl35p35","2/15/2018","oldsyllables",326
"bl36pi46","1/15/2019","bl14y6_FD",65
"bl36pi46","1/15/2019","bl14y6_UD",52
"bl36pi46","1/16/2019","bl14y6_FD",175
"bl36pi46","1/16/2019","bl87bk3_FD",22
"bl36pi46","1/17/2019","bl14y6_FD",27
"bl36pi46","1/17/2019","bl87bk3_FD",9
"bl36pi46","1/18/2019","bl87bk3_FD",43
"bl36pi46","1/18/2019","pu35pu36_UD",3
"bl36pi46","1/18/2019","y40b7_UD",18
"bl36pi46","1/24/2019","bl87bk3_FD",15
"bl36pi46","1/24/2019","bl87bk3_UD",40
"bl36pi46","1/25/2019","bl87bk3_FD",77
"bl36pi46","1/25/2019","bl87bk3_UD",25
"bl36pi46","1/28/2019","bl43p196_UD",6
"bl36pi46","1/28/2019","bl4b13_UD",77
"bl36pi46","1/31/2019","bkor_UD",3
"bl36pi46","1/31/2019","bl14y6_FD",5
"bl36pi46","1/31/2019","bl87bk3_FD",129
"bl36pi46","1/9/2019","blk17_FD",9
"bl36pi46","1/9/2019","blk17_UD",18
"bl36pi46","10/10/2018","bead_withnoise",51
"bl36pi46","10/10/2018","bl14y6_FD",313
"bl36pi46","10/10/2018","bl14y6_UD",11
"bl36pi46","10/10/2018","pu55bl08_FD",17
"bl36pi46","10/11/2018","bl14y6_FD",107
"bl36pi46","10/11/2018","bl4b13_FD",253
"bl36pi46","10/3/2018","blk17_FD",41
"bl36pi46","10/3/2018","blk17_UD",66
"bl36pi46","10/9/2018","bl14y6_FD",39
"bl36pi46","10/9/2018","bl14y6_UD",23
"bl36pi46","10/9/2018","pu55bl08_FD",45
"bl36pi46","2/1/2019","bl14y6_FD",328
"bl36pi46","2/1/2019","bl87bk3_FD",116
"bl36pi46","2/13/2018","fatsyllables",14
"bl36pi46","2/13/2018","oldsyllables",45
"bl36pi46","2/14/2018","fatsyllables",47
"bl36pi46","2/14/2018","oldsyllables",91
"bl36pi46","2/15/2018","fatsyllables",97
"bl36pi46","2/15/2018","oldsyllables",111
"bl36pi46","2/6/2019","bl87bk3_UD",3
"bl36pi46","2/6/2019","blk17_UD",7
"bl36pi46m","5/14/2018","bl11pu3_FD",106
"bl36pi46m","5/14/2018","bl14y6_FD",22
"bl36pi46m","5/14/2018","bl35p35_calls",31
"bl36pi46m","5/14/2018","bl36p46_calls",3
"bl36pi46m","5/3/2018","bl11pu3_FD",49
"bl36pi46m","5/3/2018","bl14y6_FD",9
"bl36pi46m","5/4/2018","bl11pu3_FD",28
"bl36pi46m","5/4/2018","bl14y6_FD",19
"bl36pi46m","6/19/2018","bl65wh75_FD",28
"bl36pi46m","6/19/2018","bl86pi11_FD",32
"bl36pi46m","6/20/2018","bl65wh75_FD",25
"bl36pi46m","6/20/2018","bl65wh75_UD",50
"bl36pi46m","6/20/2018","bl86pi11_FD",2
"bl36ye26","10/3/2019","bl44pi74_FD",12
"bl36ye26","10/3/2019","bl44pi74_UD",376
"bl36ye26","10/3/2019","blk17_FD",39
"bl36ye26","10/3/2019","blk17_UD",81
"bl36ye26","10/4/2019","bkor_FD",152
"bl36ye26","10/4/2019","bkor_UD",218
"bl36ye26","7/10/2019","yelred_FD",2
"bl36ye26","7/10/2019","yelred_UD",114
"bl36ye26","7/9/2019","bl43p196_UD",60
"bl36ye26","7/9/2019","bl4b13_UD",494
"bl36ye26","8/21/2019","bl4b13_UD",9
"bl36ye26","8/21/2019","yelred_FD",112
"bl36ye26","8/21/2019","yelred_UD",14
"bl36ye26","8/23/2019","pu35pu36_UD",522
"bl36ye26","8/23/2019","y40b7_UD",14
"bl36ye26","8/23/2019","yelred_FD",11
"bl36ye26","8/23/2019","yelred_UD",25
"bl36ye26","8/26/2019","bl11pu3_UD",7
"bl36ye26","8/26/2019","bl44pi74_FD",5
"bl36ye26","8/26/2019","bl71bl60_FD",300
"bl36ye26","8/26/2019","g32b89_UD",11
"bl36ye26","8/26/2019","y40b7_UD",37
"bl36ye26","8/27/2019","bl44pi74_FD",269
"bl36ye26","8/27/2019","bl71bl60_FD",275
"bl36ye26","8/27/2019","yelred_FD",13
"bl36ye26","8/27/2019","yelred_UD",41
"bl36ye26","8/28/2019","bl44pi74_FD",12
"bl36ye26","8/28/2019","bl71bl60_FD",229
"bl36ye26","8/28/2019","blk17_FD",155
"bl36ye26","8/28/2019","blk17_UD",34
"bl36ye26","8/28/2019","yelred_FD",49
"bl36ye26","9/10/2019","bl11pu3_UD",3
"bl36ye26","9/10/2019","g32b89_UD",6
"bl36ye26","9/12/2019","bl44pi74_FD",269
"bl36ye26","9/12/2019","bl71bl60_FD",387
"bl36ye26","9/13/2019","bl44pi74_FD",114
"bl36ye26","9/13/2019","bl71bl60_FD",786
"bl36ye26","9/17/2019","blk17_UD",154
"bl36ye26","9/17/2019","pu35pu36_UD",437
"bl36ye26","9/17/2019","y40b7_UD",7
"bl36ye83","1/30/2019","bl17bl57_UD",26
"bl36ye83","1/30/2019","bl32gy22_UD",95
"bl36ye83","10/26/2018","bl36p46_calls",13
"bl36ye83","10/26/2018","bl4b13_UD",1
"bl36ye83","11/1/2018","bl43p196_UD",5
"bl36ye83","11/1/2018","bl4b13_UD",19
"bl36ye83","11/3/2018","bl11pu3_UD",51
"bl36ye83","11/3/2018","bl43p196_UD",15
"bl36ye83","11/3/2018","bl4b13_UD",20
"bl36ye83","11/3/2018","g32b89_UD",3
"bl36ye83","2/20/2019","pu35pu36_UD",678
"bl36ye83","2/20/2019","y40b7_UD",563
"bl36ye83","2/21/2019","bl58gr33_FD",224
"bl36ye83","2/21/2019","bl87re02_FD",1195
"bl36ye83","2/22/2019","bl58gr33_FD",296
"bl36ye83","2/22/2019","bl87re02_FD",407
"bl36ye83","2/5/2019","bl58gr33_FD",34
"bl36ye83","2/5/2019","bl87re02_FD",56
"bl36ye83","2/6/2019","bl58gr33_FD",52
"bl36ye83","2/6/2019","bl87re02_FD",283
"bl37pi47","1/10/2019","bl14y6_FD",1
"bl37pi47","1/10/2019","bl33ye35_FD",4
"bl37pi47","1/10/2019","bl4b13_FD",97
"bl37pi47","1/14/2019","bkor_FD",104
"bl37pi47","1/14/2019","bkor_UD",127
"bl37pi47","1/16/2019","bl14y6_FD",268
"bl37pi47","1/16/2019","bl87bk3_FD",27
"bl37pi47","1/17/2019","bl14y6_FD",190
"bl37pi47","1/17/2019","bl87bk3_FD",168
"bl37pi47","1/18/2019","bl87bk3_FD",19
"bl37pi47","1/18/2019","pu35pu36_UD",5
"bl37pi47","1/18/2019","y40b7_UD",14
"bl37pi47","1/24/2019","bl87bk3_FD",85
"bl37pi47","1/24/2019","bl87bk3_UD",145
"bl37pi47","1/25/2019","bl87bk3_FD",104
"bl37pi47","1/25/2019","bl87bk3_UD",280
"bl37pi47","1/29/2019","bl87bk3_FD",9
"bl37pi47","1/29/2019","bl87bk3_UD",65
"bl37pi47","1/31/2019","bkor_UD",3
"bl37pi47","1/31/2019","bl14y6_FD",34
"bl37pi47","1/31/2019","bl87bk3_FD",31
"bl37pi47","1/8/2019","blk17_FD",34
"bl37pi47","1/8/2019","blk17_UD",80
"bl37pi47","1/9/2019","blk17_FD",59
"bl37pi47","1/9/2019","blk17_UD",495
"bl37pi47","10/10/2018","bead_withnoise",61
"bl37pi47","10/10/2018","bl14y6_FD",97
"bl37pi47","10/10/2018","bl14y6_UD",3
"bl37pi47","10/11/2018","bl14y6_FD",5
"bl37pi47","10/11/2018","bl4b13_FD",63
"bl37pi47","10/3/2018","blk17_FD",236
"bl37pi47","10/3/2018","blk17_UD",103
"bl37pi47","10/9/2018","bl14y6_FD",16
"bl37pi47","10/9/2018","bl14y6_UD",9
"bl37pi47","10/9/2018","blk17_UD",7
"bl37pi47","10/9/2018","pu55bl08_FD",5
"bl37pi47","2/1/2019","bl14y6_FD",221
"bl37pi47","2/1/2019","bl87bk3_FD",337
"bl37pi47","2/13/2018","fatsyllables",77
"bl37pi47","2/13/2018","oldsyllables",39
"bl37pi47","2/14/2018","fatsyllables",24
"bl37pi47","2/14/2018","oldsyllables",27
"bl37pi47","2/15/2018","fatsyllables",111
"bl37pi47","2/15/2018","oldsyllables",110
"bl37pi47","2/5/2019","blk17_FD",32
"bl37pi47","2/5/2019","blk17_UD",18
"bl37pi47","2/6/2019","bl87bk3_FD",103
"bl37pi47","2/6/2019","bl87bk3_UD",9
"bl37pi47","2/6/2019","blk17_UD",125
"bl37pi47","2/7/2019","bl87bk3_FD",94
"bl37pi47","2/7/2019","bl87bk3_UD",191
"bl37pi47","4/30/2018","bl11pu3_FD",20
"bl37pi47","4/30/2018","bl14y6_FD",19
"bl37pi47","4/30/2018","bl65wh75_FD",48
"bl37pi47","4/30/2018","bl86pi11_FD",3
"bl37pi47","5/14/2018","bl11pu3_FD",257
"bl37pi47","5/14/2018","bl14y6_FD",125
"bl37pi47","5/14/2018","bl35p35_calls",66
"bl37pi47","5/14/2018","bl36p46_calls",3
"bl37pi47","5/2/2018","bl14y6_FD",258
"bl37pi47","5/2/2018","bl14y6_UD",118
"bl37pi47","5/3/2018","bl11pu3_FD",141
"bl37pi47","5/3/2018","bl14y6_FD",85
"bl37pi47","5/4/2018","bl11pu3_FD",188
"bl37pi47","5/4/2018","bl14y6_FD",7
"bl37pi47","6/19/2018","bl65wh75_FD",380
"bl37pi47","6/19/2018","bl86pi11_FD",56
"bl37pi47","6/20/2018","yelred_FD",35
"bl37pi47","6/20/2018","yelred_UD",245
"bl40p81","1/12/2018","bl14y6_UD",1
"bl40p81","1/12/2018","pu35pu36_UD",18
"bl40p81","1/12/2018","y40b7_UD",285
"bl40p81","1/15/2018","bl17y31_UD",199
"bl40p81","1/15/2018","bl1p1_UD",111
"bl40p81","1/16/2018","bl17bl57_UD",136
"bl40p81","1/16/2018","bl1p1_UD",24
"bl40p81","1/16/2018","bl32gy22_UD",10
"bl40p81","1/18/2018","bl11pu3_FD",374
"bl40p81","1/18/2018","bl14y6_FD",17
"bl40p81","1/18/2018","bl14y6_UD",7
"bl40p81","1/19/2018","bl11pu3_FD",327
"bl40p81","1/19/2018","bl14y6_FD",74
"bl40p81","1/19/2018","bl14y6_UD",41
"bl40p81","1/22/2018","bl14y6_UD",27
"bl40p81","1/22/2018","pu55bl08_FD",208
"bl40p81","1/24/2018","bl14y6_FD",14
"bl40p81","1/24/2018","pu55bl08_FD",9
"bl40p81","1/25/2018","bl14y6_UD",71
"bl40p81","1/25/2018","pu55bl08_FD",118
"bl40p81","1/29/2018","bl11pu3_FD",192
"bl40p81","1/29/2018","bl14y6_FD",14
"bl40p81","1/30/2018","bl11pu3_FD",290
"bl40p81","1/30/2018","bl14y6_FD",45
"bl40p81","1/8/2018","bkor_FD",29
"bl40p81","1/8/2018","bkor_UD",64
"bl40p81","12/14/2017","becda",88
"bl40p81","12/14/2017","debca",3
"bl40p81","12/15/2017","becda",2
"bl40p81","12/15/2017","dcaeb",240
"bl40p81","2/13/2018","fatsyllables",288
"bl40p81","2/13/2018","oldsyllables",103
"bl40p81","2/14/2018","fatsyllables",162
"bl40p81","2/14/2018","oldsyllables",178
"bl40p81","2/15/2018","fatsyllables",418
"bl40p81","2/15/2018","oldsyllables",121
"bl40p81","2/5/2018","blk17_FD",58
"bl40p81","2/5/2018","blk17_UD",41
"bl40p81","2/5/2018","yelgrn_FD",38
"bl40p81","2/5/2018","yelgrn_UD",3
"bl40p81","2/6/2018","bl11pu3_FD",266
"bl40p81","2/6/2018","bl14y6_FD",52
"bl40p81","2/9/2018","yelgrn_FD",3
"bl40p81","2/9/2018","yelgrn_UD",19
"bl40pi81","1/28/2020","bl4b13_UD",50
"bl40pi81","1/28/2020","r16y36",36
"bl40pi81","1/29/2020","yelred_FD",23
"bl40pi81","1/29/2020","yelred_UD",33
"bl40pi81","10/10/2018","bead_withnoise",65
"bl40pi81","10/10/2018","bl14y6_FD",29
"bl40pi81","10/10/2018","bl14y6_UD",76
"bl40pi81","10/10/2018","daeb_withnoise",35
"bl40pi81","10/10/2018","pu55bl08_FD",13
"bl40pi81","10/3/2018","blk17_FD",107
"bl40pi81","10/3/2018","blk17_UD",39
"bl40pi81","10/9/2018","bl14y6_FD",14
"bl40pi81","10/9/2018","bl14y6_UD",6
"bl40pi81","10/9/2018","pu55bl08_FD",9
"bl40pi81","2/6/2020","bl147gr47_FD",17
"bl40pi81","2/6/2020","bl74gy24_FD",37
"bl40pi81","2/7/2020","bl147gr47_FD",68
"bl40pi81","2/7/2020","bl74gy24_FD",20
"bl42y22","10/16/2018","pu35pu36_UD",28
"bl42y22","10/16/2018","y40b7_UD",34
"bl42y22","10/18/2018","blk17_FD",528
"bl42y22","10/18/2018","blk17_UD",64
"bl42y22","10/19/2018","bl100pu80_FD",2
"bl42y22","10/19/2018","bl4b13_FD",419
"bl42y22","10/21/2018","bl100pu80_FD",356
"bl42y22","10/21/2018","bl100pu80_UD",645
"bl42y22","10/21/2018","gy72_UD",3
"bl42y22","10/22/2018","bl100pu80_UD",476
"bl42y22","10/22/2018","pu17pu18_UD",558
"bl42y22","10/23/2018","bl100pu80_FD",322
"bl42y22","10/23/2018","bl90pi15_FD",217
"bl42y22","10/24/2018","yelred_FD",387
"bl42y22","10/24/2018","yelred_UD",84
"bl42ye22","11/13/2018","bl100pu80_FD",66
"bl42ye22","11/13/2018","bl90pi15_FD",25
"bl42ye22","11/13/2018","pu17pu18_UD",20
"bl42ye22","11/16/2018","bl100pu80_UD",67
"bl42ye22","11/16/2018","pu17pu18_UD",532
"bl42ye22","11/2/2018","bl100pu80_FD",35
"bl42ye22","11/2/2018","bl90pi15_FD",57
"bl42ye22","11/3/2018","bl100pu80_FD",22
"bl42ye22","11/3/2018","bl100pu80_UD",223
"bl42ye22","11/3/2018","bl90pi15_FD",73
"bl42ye22","11/3/2018","pu17pu18_UD",7
"bl42ye22","11/6/2018","bl100pu80_FD",61
"bl42ye22","11/6/2018","bl100pu80_UD",58
"bl42ye22","11/6/2018","bl34pu94_FD",284
"bl42ye22","11/7/2018","bl100pu80_FD",27
"bl42ye22","11/7/2018","bl90pi15_FD",90
"bl42ye22","11/8/2018","bkor_FD",292
"bl42ye22","11/8/2018","bkor_UD",220
"bl42ye22","11/9/2018","bkor_FD",303
"bl42ye22","11/9/2018","bkor_UD",63
"bl42ye22","5/28/2019","yelred_FD",6
"bl42ye22","5/28/2019","yelred_UD",21
"bl42ye22","6/10/2019","pi183y24_UD",3
"bl42ye22","6/10/2019","pu35pu36_UD",29
"bl42ye22","6/10/2019","y40b7_UD",76
"bl42ye22","6/11/2019","bkor_UD",34
"bl42ye22","6/11/2019","pu35pu36_UD",37
"bl42ye22","6/12/2019","bkor_UD",26
"bl42ye22","6/12/2019","bl100pu80_FD",62
"bl42ye22","6/12/2019","bl90pi15_FD",47
"bl42ye22","6/7/2019","g32b89_UD",17
"bl42ye22","6/7/2019","pi183y24_UD",63
"bl42ye22p","1/2/2019","bl4b13_UD",62
"bl42ye22p","1/2/2019","blk17_FD",277
"bl42ye22p","1/2/2019","blk17_UD",48
"bl42ye22p","1/2/2019","r16y36",2
"bl42ye22p","12/11/2018","bl100pu80_FD",51
"bl42ye22p","12/11/2018","bl90pi15_FD",88
"bl42ye22p","12/11/2018","blk17_FD",520
"bl42ye22p","12/11/2018","blk17_UD",199
"bl42ye22p","12/5/2018","bl100pu80_FD",67
"bl42ye22p","12/5/2018","y40b7_UD",23
"bl42ye22p","4/10/2019","bl100pu80_FD",168
"bl42ye22p","4/10/2019","bl90pi15_FD",272
"bl42ye22p","4/10/2019","y40b7_UD",3
"bl42ye22p","4/11/2019","bl100pu80_FD",507
"bl42ye22p","4/11/2019","bl90pi15_FD",402
"bl42ye22p","4/12/2019","bl100pu80_FD",602
"bl42ye22p","4/12/2019","bl90pi15_FD",269
"bl42ye22p","4/26/2019","pu35pu36_UD",65
"bl42ye22p","4/26/2019","yelred_FD",100
"bl42ye22p","4/26/2019","yelred_UD",3
"bl42ye22p","4/9/2019","bl43p196_UD",4
"bl42ye22p","4/9/2019","pu35pu36_UD",1
"bl42ye22p","4/9/2019","y40b7_UD",1155
"bl42ye22p","5/15/2019","bl100pu80_FD",13
"bl42ye22p","5/15/2019","bl100pu80_UD",49
"bl42ye22p","5/18/2019","pu35pu36_UD",354
"bl42ye22p","5/18/2019","y40b7_UD",301
"bl42ye22p","5/23/2019","bl100pu80_FD",169
"bl42ye22p","5/23/2019","bl90pi15_FD",70
"bl42ye22p","5/24/2019","bl100pu80_FD",3
"bl42ye22p","5/24/2019","bl100pu80_UD",31
"bl43y23m","7/26/2018","bl34pu94_FD",34
"bl43y23m","7/26/2018","bl90pi15_FD",152
"bl43y23m","7/29/2018","bl11pu3_FD",158
"bl43y23m","7/29/2018","bl4b13_FD",143
"bl43y23m","7/29/2018","gy72_UD",11
"bl43y23m","7/30/2018","bl4b13_FD",27
"bl43y23m","7/30/2018","bl90pi15_FD",93
"bl43y23m","7/30/2018","bl90pi15_UD",12
"bl43y23m","8/10/2018","bl34pu94_FD",172
"bl43y23m","8/10/2018","bl90pi15_FD",121
"bl43y23m","8/10/2018","bl90pi15_UD",3
"bl43y23m","8/13/2018","bl34pu94_FD",114
"bl43y23m","8/13/2018","bl90pi15_FD",175
"bl44ye24","7/26/2019","pu35pu36_UD",609
"bl44ye24","7/26/2019","y40b7_UD",336
"bl44ye24","7/26/2019","yelred_FD",7
"bl44ye24","7/26/2019","yelred_UD",73
"bl44ye24","7/31/2019","bl11pu3_UD",56
"bl44ye24","7/31/2019","g32b89_UD",146
"bl44ye24","8/1/2019","bl11pu3_UD",262
"bl44ye24","8/1/2019","blk17_FD",1
"bl44ye24","8/1/2019","blk17_UD",6
"bl44ye24","8/14/2019","pu35pu36_UD",105
"bl44ye24","8/14/2019","y40b7_UD",101
"bl44ye24","8/14/2019","yelred_FD",23
"bl44ye24","8/14/2019","yelred_UD",3
"bl44ye24","8/16/2019","pu35pu36_UD",385
"bl44ye24","8/16/2019","y40b7_UD",605
"bl44ye24","8/16/2019","yelred_FD",16
"bl44ye24","8/16/2019","yelred_UD",18
"bl44ye24","8/17/2019","blk17_FD",93
"bl44ye24","8/17/2019","blk17_UD",82
"bl44ye24","8/19/2019","bkor_FD",17
"bl44ye24","8/19/2019","bkor_UD",123
"bl44ye24","8/19/2019","bl61or11_FD",13
"bl44ye24","8/19/2019","bl74gy24_FD",818
"bl44ye24","8/19/2019","blk17_UD",2
"bl44ye24","8/2/2019","y40b7_UD",15
"bl44ye24","8/2/2019","yelred_FD",40
"bl44ye24","8/2/2019","yelred_UD",9
"bl44ye24","8/20/2019","bl61or11_FD",101
"bl44ye24","8/20/2019","bl74gy24_FD",304
"bl44ye24","8/20/2019","yelred_FD",8
"bl44ye24","8/20/2019","yelred_UD",3
"bl44ye24","8/5/2019","bkor_FD",71
"bl44ye24","8/5/2019","bkor_UD",3
"bl44ye24","8/5/2019","bl17bl57_UD",159
"bl44ye24","8/5/2019","bl32gy22_UD",13
"bl44ye24","8/6/2019","bl17bl57_UD",1
"bl44ye24","8/6/2019","bl32gy22_UD",1
"bl44ye24","8/6/2019","blk17_FD",81
"bl44ye24","8/6/2019","blk17_UD",116
"bl44ye24","8/7/2019","bl17bl57_UD",201
"bl44ye24","8/7/2019","bl32gy22_UD",204
"bl44ye24","8/8/2019","bl17bl57_UD",359
"bl44ye24","8/8/2019","bl32gy22_UD",599
"bl45y25","7/25/2018","bl34pu94_FD",142
"bl45y25","7/25/2018","bl90pi15_FD",121
"bl45y25","7/29/2018","bl4b13_FD",4
"bl45y25","7/29/2018","gy72_UD",277
"bl45y25","7/30/2018","bl4b13_FD",49
"bl45y25","7/30/2018","bl90pi15_FD",9
"bl45y25","7/30/2018","bl90pi15_UD",11
"bl45y25","7/31/2018","bl90pi15_FD",25
"bl45y25","7/31/2018","bl90pi15_UD",63
"bl45ye25","6/27/2019","bl43p196_UD",17
"bl45ye25","6/27/2019","bl4b13_UD",63
"bl45ye25","6/28/2019","bl43p196_UD",9
"bl45ye25","6/28/2019","bl63bk93_FD",13
"bl45ye25","6/30/2019","bl63bk93_FD",85
"bl45ye25","6/30/2019","bl90or19_FD",42
"bl45ye25","6/30/2019","bl90pi15_FD",229
"bl45ye25","7/1/2019","bl100pu80_FD",11
"bl45ye25","7/1/2019","bl63bk93_FD",3
"bl45ye25","7/1/2019","bl90pi15_FD",329
"bl45ye25","7/10/2019","bl100pu80_FD",112
"bl45ye25","7/10/2019","bl11pu3_UD",38
"bl45ye25","7/10/2019","bl90pi15_FD",288
"bl45ye25","7/10/2019","g32b89_UD",4
"bl45ye25","7/11/2019","bkor_FD",17
"bl45ye25","7/11/2019","bkor_UD",126
"bl45ye25","7/15/2019","bl4b13_UD",88
"bl45ye25","7/15/2019","pi183y24_UD",29
"bl45ye25","7/18/2019","bl43p196_UD",9
"bl45ye25","7/18/2019","bl4b13_UD",15
"bl45ye25","7/3/2019","bl11pu3_UD",13
"bl45ye25","7/3/2019","blk17_FD",36
"bl45ye25","7/3/2019","blk17_UD",26
"bl45ye25","7/3/2019","g32b89_UD",35
"bl45ye25","7/3/2019","yelred_FD",68
"bl45ye25","7/3/2019","yelred_UD",60
"bl45ye25","7/8/2019","bl43p196_UD",5
"bl45ye25","7/8/2019","bl4b13_UD",11
"bl45ye25","7/8/2019","blk17_UD",29
"bl46pi46","6/17/2018","bl65wh75_FD",98
"bl46pi46","6/17/2018","bl86pi11_FD",21
"bl46re06","7/10/2019","blk17_FD",201
"bl46re06","7/10/2019","blk17_UD",80
"bl46re06","7/10/2019","pu35pu36_UD",26
"bl46re06","7/10/2019","y40b7_UD",3
"bl46re06","7/11/2019","bl11pu3_UD",8
"bl46re06","7/11/2019","blk17_FD",88
"bl46re06","7/11/2019","blk17_UD",76
"bl46re06","7/11/2019","pi183y24_UD",3
"bl46re06","7/16/2019","pi183y24_UD",5
"bl46re06","7/16/2019","yelred_FD",33
"bl46re06","7/16/2019","yelred_UD",42
"bl46re06","7/23/2019","bl44pi74_FD",25
"bl46re06","7/23/2019","bl71bl60_FD",17
"bl46re06","7/25/2019","bl71bl60_FD",1
"bl46re06","7/25/2019","pu35pu36_UD",1
"bl46re06","7/25/2019","y40b7_UD",28
"bl46re06","7/26/2019","bl71bl60_FD",18
"bl46re06","7/26/2019","pu35pu36_UD",3
"bl46re06","7/26/2019","y40b7_UD",18
"bl46re06","7/31/2019","bl11pu3_UD",10
"bl46re06","7/31/2019","g32b89_UD",17
"bl46re06","7/8/2019","bl43p196_UD",48
"bl46re06","7/8/2019","bl4b13_UD",7
"bl46re06","7/8/2019","blk17_UD",167
"bl46re06","8/19/2019","bl43p196_UD",7
"bl46re06","8/19/2019","bl44pi74_FD",43
"bl46re06","8/19/2019","bl4b13_UD",1
"bl46re06","8/19/2019","bl71bl60_FD",15
"bl46ye26","12/2/2019","gy58gr08_FD",274
"bl46ye26","12/2/2019","gy58gr08_UD",260
"bl46ye26","12/6/2019","gy58gr08_FD",84
"bl46ye26","12/6/2019","gy58gr08_UD",137
"bl47gy91","2/20/2019","pu35pu36_UD",29
"bl47gy91","2/20/2019","y40b7_UD",84
"bl47gy91","2/22/2019","bl58gr33_FD",98
"bl47gy91","2/22/2019","bl87re02_FD",53
"bl47gy91","4/10/2019","bl58gr33_FD",5
"bl47gy91","4/10/2019","bl87re02_FD",81
"bl47gy91","4/10/2019","y40b7_UD",3
"bl47gy91","4/11/2019","bl58gr33_FD",224
"bl47gy91","4/11/2019","bl87re02_FD",280
"bl47gy91","4/12/2019","bl58gr33_FD",141
"bl47gy91","4/12/2019","bl87re02_FD",273
"bl47gy91","4/9/2019","bl4b13_UD",493
"bl47gy91","4/9/2019","pu35pu36_UD",405
"bl47gy91","4/9/2019","y40b7_UD",7
"bl48re08","10/10/2019","bl61or11_FD",192
"bl48re08","10/10/2019","bl61or11_UD",37
"bl48re08","10/10/2019","bl74gy24_FD",27
"bl48re08","10/11/2019","bl61or11_FD",75
"bl48re08","10/11/2019","bl61or11_UD",7
"bl48re08","10/11/2019","bl74gy24_FD",60
"bl48re08","10/3/2019","bl61or11_UD",30
"bl48re08","10/3/2019","blk17_UD",63
"bl48re08","10/4/2019","bl61or11_FD",77
"bl48re08","10/4/2019","bl61or11_UD",121
"bl48re08","10/7/2019","bl61or11_FD",104
"bl48re08","10/7/2019","bl61or11_UD",107
"bl48re08","10/7/2019","bl74gy24_FD",189
"bl48re08","10/8/2019","bl61or11_FD",9
"bl48re08","10/8/2019","bl61or11_UD",53
"bl48re08","10/8/2019","blk17_UD",1
"bl48re08","9/11/2019","bl11pu3_UD",13
"bl48re08","9/11/2019","y40b7_UD",13
"bl48re08","9/20/2019","yelred_FD",69
"bl48re08","9/20/2019","yelred_UD",100
"bl50gy32","10/11/2019","bl44pi74_FD",102
"bl50gy32","10/11/2019","bl71bl60_FD",376
"bl50gy32","10/11/2019","bl71bl60_UD",8
"bl50gy32","10/3/2019","bl71bl60_FD",67
"bl50gy32","10/3/2019","bl71bl60_UD",40
"bl50gy32","10/3/2019","blk17_FD",61
"bl50gy32","10/3/2019","blk17_UD",56
"bl50gy32","10/4/2019","bl71bl60_FD",182
"bl50gy32","10/4/2019","bl71bl60_UD",178
"bl50gy32","10/7/2019","bl44pi74_FD",33
"bl50gy32","10/7/2019","bl71bl60_FD",103
"bl50gy32","10/7/2019","bl71bl60_UD",128
"bl50gy32","7/15/2019","bkor_FD",45
"bl50gy32","7/15/2019","bkor_UD",53
"bl50gy32","7/16/2019","bkor_UD",3
"bl50gy32","7/16/2019","bl17bl57_UD",5
"bl50gy32","7/16/2019","bl32gy22_UD",144
"bl50gy32","7/22/2019","bl44pi74_FD",75
"bl50gy32","7/22/2019","bl71bl60_FD",311
"bl50gy32","7/23/2019","yelred_FD",285
"bl50gy32","7/23/2019","yelred_UD",289
"bl50gy32","7/8/2019","bl43p196_UD",170
"bl50gy32","7/8/2019","bl4b13_UD",47
"bl50gy32","7/8/2019","blk17_UD",599
"bl50gy32","8/26/2019","bl11pu3_UD",54
"bl50gy32","8/26/2019","bl44pi74_FD",41
"bl50gy32","8/26/2019","g32b89_UD",3
"bl50gy32","8/26/2019","yelred_UD",3
"bl50gy32","8/27/2019","bl44pi74_FD",112
"bl50gy32","8/27/2019","bl71bl60_FD",56
"bl50gy32","8/28/2019","blk17_FD",96
"bl50gy32","8/28/2019","blk17_UD",207
"bl50gy32","8/28/2019","yelred_FD",70
"bl50gy32","8/28/2019","yelred_UD",4
"bl50gy32","9/10/2019","bl11pu3_UD",119
"bl50gy32","9/10/2019","g32b89_UD",76
"bl50gy32","9/11/2019","g32b89_UD",15
"bl50gy32","9/11/2019","pu35pu36_UD",272
"bl50gy32","9/11/2019","y40b7_UD",6
"bl50gy32","9/12/2019","bl44pi74_FD",85
"bl50gy32","9/12/2019","bl71bl60_FD",131
"bl50gy32","9/13/2019","bl44pi74_FD",130
"bl50gy32","9/13/2019","bl71bl60_FD",205
"bl58p24","3/22/2018","bl14y6_FD",115
"bl58p24","3/22/2018","bl37p47_calls",64
"bl62gr90","7/11/2019","bl11pu3_UD",131
"bl62gr90","7/11/2019","blk17_UD",75
"bl62gr90","7/11/2019","g32b89_UD",9
"bl62gr90","7/26/2019","bl44pi74_FD",46
"bl62gr90","7/26/2019","bl71bl60_FD",270
"bl62gr90","7/27/2019","pu35pu36_UD",31
"bl62gr90","7/27/2019","y40b7_UD",28
"bl62gr90","8/2/2019","bl11pu3_UD",29
"bl62gr90","8/2/2019","g32b89_UD",47
"bl62gr90","8/2/2019","yelred_FD",17
"bl62gr90","8/2/2019","yelred_UD",3
"bl62gr90","8/5/2019","bkor_FD",71
"bl62gr90","8/5/2019","bkor_UD",56
"bl62gr90","8/5/2019","pu35pu36_UD",28
"bl62gr90","8/5/2019","y40b7_UD",13
"bl62gr90","8/6/2019","blk17_FD",26
"bl62gr90","8/6/2019","blk17_UD",29
"bl62gr90","8/6/2019","y40b7_UD",22
"bl63pu98","1/6/2019","blk17_FD",270
"bl63pu98","1/6/2019","blk17_UD",141
"bl63pu98","4/28/2018","pu35pu36_UD",88
"bl63pu98","4/28/2018","y40b7_UD",306
"bl63pu98","4/30/2018","bl65wh75_FD",42
"bl63pu98","4/30/2018","bl86pi11_FD",96
"bl63pu98","4/30/2018","pu35pu36_UD",17
"bl63pu98","4/30/2018","y40b7_UD",3
"bl63pu98","5/14/2018","bl36p46_calls",73
"bl63pu98","5/14/2018","bl65wh75_FD",115
"bl63pu98","5/14/2018","bl86pi11_FD",14
"bl63pu98","5/3/2018","bkor_FD",16
"bl63pu98","5/3/2018","bkor_UD",72
"bl63pu98","5/4/2018","bl65wh75_FD",40
"bl63pu98","5/4/2018","bl86pi11_FD",24
"bl63pu98","9/10/2018","pu35pu36_UD",68
"bl63pu98","9/10/2018","y40b7_UD",173
"bl63pu98","9/7/2018","bl65wh75_FD",42
"bl63pu98","9/7/2018","bl86pi11_FD",68
"bl69pu99","1/5/2019","bl17pi39_FD",7
"bl69pu99","1/5/2019","blk17_UD",3
"bl69pu99","10/17/2018","pu35pu36_UD",51
"bl69pu99","10/17/2018","y40b7_UD",150
"bl69pu99","10/18/2018","blk17_FD",29
"bl69pu99","10/18/2018","blk17_UD",9
"bl69pu99","10/21/2018","bl65wh75_FD",76
"bl69pu99","10/21/2018","bl65wh75_UD",61
"bl69pu99","10/21/2018","gy72_UD",3
"bl69pu99","10/22/2018","bl17bl57_UD",5
"bl69pu99","10/22/2018","bl32gy22_UD",77
"bl69pu99","10/22/2018","gy72_UD",3
"bl69pu99","10/23/2018","bl100pu80_FD",8
"bl69pu99","10/23/2018","bl65wh75_FD",85
"bl69pu99","10/23/2018","bl90pi15_FD",57
"bl69pu99","10/24/2018","bl65wh75_FD",5
"bl69pu99","10/24/2018","bl65wh75_UD",53
"bl69pu99","12/11/2018","bl11pu3_UD",1
"bl69pu99","12/11/2018","bl43p196_UD",4
"bl69pu99","12/11/2018","g32b89_UD",34
"bl69pu99","12/12/2018","bl17pi39_FD",84
"bl69pu99","12/12/2018","bl65wh75_FD",93
"bl69pu99","12/13/2018","bl17pi39_FD",16
"bl69pu99","12/13/2018","bl65wh75_FD",6
"bl69pu99","12/14/2018","bl17pi39_FD",5
"bl69pu99","12/14/2018","bl17pi39_UD",25
"bl69pu99","4/23/2018","pu35pu36_UD",26
"bl69pu99","4/23/2018","y40b7_UD",81
"bl69pu99","4/25/2018","bl11pu3_FD",97
"bl69pu99","4/25/2018","bl14y6_FD",74
"bl69pu99","4/25/2018","yelred_FD",166
"bl69pu99","4/25/2018","yelred_UD",1
"bl69pu99","4/27/2018","bl4b13_FD",51
"bl69pu99","4/27/2018","pu55bl08_FD",143
"bl69pu99","4/28/2018","bl4b13_FD",362
"bl69pu99","4/28/2018","pu55bl08_FD",217
"bl69pu99","4/30/2018","bl65wh75_FD",138
"bl69pu99","4/30/2018","bl86pi11_FD",12
"bl69pu99","4/30/2018","pu55bl08_FD",53
"bl69pu99","5/1/2018","bl11pu3_FD",99
"bl69pu99","5/1/2018","bl4b13_FD",46
"bl69pu99","5/2/2018","bl11pu3_FD",135
"bl69pu99","5/2/2018","bl4b13_FD",193
"bl69pu99","5/3/2018","bl65wh75_FD",100
"bl69pu99","5/3/2018","bl65wh75_UD",45
"bl69pu99","5/4/2018","bl65wh75_FD",124
"bl69pu99","5/4/2018","bl86pi11_FD",53
"bl69pu99","9/10/2018","pu35pu36_UD",47
"bl69pu99","9/10/2018","y40b7_UD",20
"bl69pu99","9/7/2018","bl65wh75_FD",119
"bl69pu99","9/7/2018","bl86pi11_FD",43
"bl72bl42_s","11/30/2021","bkor_FD",57
"bl72bl42_s","11/30/2021","bkor_UD",18
"bl73gy23","12/5/2018","bl11pu3_UD",156
"bl73gy23","12/5/2018","g32b89_UD",55
"bl73gy73","2/14/2019","bl43p196_UD",231
"bl73gy73","2/14/2019","bl4b13_UD",431
"bl73gy73","2/14/2019","bl58gr33_FD",32
"bl73gy73","2/14/2019","bl87re02_FD",3
"bl73gy73","2/20/2019","pu35pu36_UD",508
"bl73gy73","2/20/2019","y40b7_UD",707
"bl73gy73","2/21/2019","bl58gr33_FD",328
"bl73gy73","2/21/2019","bl87re02_FD",153
"bl73gy73","2/22/2019","bl58gr33_FD",251
"bl73gy73","2/22/2019","bl87re02_FD",199
"bl78gy31","11/16/2017","bkor_UD",54
"bl78gy31","11/16/2017","r16y36",244
"bl78gy31","11/20/2017","blk17_UD",28
"bl78gy31","11/20/2017","pi183y24_UD",65
"bl78gy31","11/21/2017","bl11pu3_UD",36
"bl78gy31","11/21/2017","g32b89_UD",84
"bl78gy31","11/22/2017","bl43p196_UD",100
"bl78gy31","11/22/2017","bl4b13_UD",30
"bl80pi41","1/10/2019","bl14y6_FD",5
"bl80pi41","1/10/2019","bl4b13_FD",70
"bl80pi41","1/14/2019","bkor_FD",250
"bl80pi41","1/14/2019","bkor_UD",269
"bl80pi41","1/15/2019","bl14y6_FD",68
"bl80pi41","1/15/2019","bl14y6_UD",29
"bl80pi41","1/16/2019","bl14y6_FD",192
"bl80pi41","1/16/2019","bl87bk3_FD",306
"bl80pi41","1/8/2019","blk17_FD",106
"bl80pi41","1/8/2019","blk17_UD",121
"bl80pi41","1/9/2019","blk17_FD",288
"bl80pi41","1/9/2019","blk17_UD",263
"bl82or90","1/10/2019","bl33ye35_FD",1038
"bl82or90","1/10/2019","bl65wh75_FD",1268
"bl82or90","1/15/2019","bl33ye35_FD",776
"bl82or90","1/15/2019","bl33ye35_UD",617
"bl82or90","1/16/2019","bl33ye35_FD",6
"bl82or90","1/16/2019","bl65wh75_FD",439
"bl82or90","1/17/2019","bl33ye35_FD",222
"bl82or90","1/17/2019","bl65wh75_FD",151
"bl82or90","1/18/2019","bl65wh75_FD",485
"bl82or90","1/18/2019","pu35pu36_UD",208
"bl82or90","1/18/2019","y40b7_UD",26
"bl82or90","1/25/2019","bl33ye35_FD",43
"bl82or90","1/25/2019","bl65wh75_FD",383
"bl82or90","1/28/2019","bl33ye35_FD",9
"bl82or90","1/28/2019","bl43p196_UD",126
"bl82or90","1/28/2019","bl4b13_UD",100
"bl82or90","1/29/2019","bl33ye35_FD",247
"bl82or90","1/29/2019","bl33ye35_UD",33
"bl82or90","1/29/2019","bl65wh75_FD",126
"bl82or90","1/30/2019","bkor_FD",159
"bl82or90","1/30/2019","bkor_UD",88
"bl82or90","1/31/2019","bkor_UD",3
"bl82or90","1/31/2019","bl33ye35_FD",4
"bl82or90","1/31/2019","bl65wh75_FD",658
"bl82or90","1/9/2019","bl11pu3_UD",1643
"bl82or90","1/9/2019","bl43p196_UD",526
"bl82or90","12/10/2018","bl100pu80_FD",321
"bl82or90","12/10/2018","bl33ye35_FD",235
"bl82or90","12/10/2018","bl40b60_calls",210
"bl82or90","12/11/2018","bkor_UD",31
"bl82or90","12/11/2018","bl43p196_UD",82
"bl82or90","12/11/2018","bl4b13_UD",7
"bl82or90","12/11/2018","blk17_UD",187
"bl82or90","12/12/2018","bl13b12",4264
"bl82or90","12/12/2018","bl33ye35_FD",272
"bl82or90","12/13/2018","bl33ye35_FD",754
"bl82or90","12/13/2018","bl33ye35_UD",408
"bl82or90","12/3/2018","bl36p46_calls",317
"bl82or90","12/3/2018","pu35pu36_UD",204
"bl82or90","12/3/2018","y40b7_UD",10
"bl82or90","12/5/2018","bl17bl57_UD",480
"bl82or90","12/5/2018","bl32gy22_UD",3
"bl82or90","12/5/2018","blk17_FD",418
"bl82or90","12/5/2018","blk17_UD",201
"bl82or90","12/7/2018","bl100pu80_FD",634
"bl82or90","12/7/2018","bl33ye35_FD",510
"bl82or90","2/1/2019","bl33ye35_FD",1781
"bl82or90","2/1/2019","bl65wh75_FD",1031
"bl82or90","2/5/2019","blk17_FD",709
"bl82or90","2/5/2019","blk17_UD",1012
"bl82or90","2/6/2019","bl33ye35_FD",7
"bl82or90","2/6/2019","bl33ye35_UD",75
"bl82or90","2/6/2019","blk17_UD",1817
"bl82or90","2/7/2019","bl33ye35_FD",99
"bl82or90","2/7/2019","bl33ye35_UD",115
"bl82ye22","10/10/2019","bl44pi74_FD",52
"bl82ye22","10/10/2019","bl71bl60_FD",28
"bl82ye22","10/3/2019","bl71bl60_FD",11
"bl82ye22","10/3/2019","bl71bl60_UD",41
"bl82ye22","10/3/2019","blk17_UD",2
"bl82ye22","7/16/2019","bl17bl57_UD",137
"bl82ye22","7/16/2019","y40b7_UD",181
"bl82ye22","7/19/2019","bkor_UD",1
"bl82ye22","7/19/2019","bl71bl60_FD",5
"bl82ye22","8/22/2019","bl11pu3_UD",7
"bl82ye22","8/22/2019","bl4b13_UD",38
"bl82ye22","8/22/2019","g32b89_UD",18
"bl82ye22","8/26/2019","bl44pi74_FD",40
"bl82ye22","8/26/2019","yelred_FD",7
"bl82ye22","8/28/2019","bl44pi74_FD",3
"bl82ye22","8/28/2019","blk17_FD",12
"bl82ye22","8/28/2019","blk17_UD",169
"bl82ye22","8/28/2019","pu35pu36_UD",95
"bl84p27","3/13/2018","bl62gr62_FD",70
"bl84p27","3/13/2018","bl62gr62_UD",15
"bl84p27","3/14/2018","w34r14_FD",140
"bl84p27","3/14/2018","w34r14_UD",139
"bl84p27","3/15/2018","p77y27_FD",69
"bl84p27","3/15/2018","p77y27_UD",8
"bl84p27","3/16/2018","bl62gr62_FD",31
"bl84p27","3/16/2018","bl62gr62_UD",51
"bl84p27","3/17/2018","w34r14_FD",56
"bl84p27","3/17/2018","w34r14_UD",65
"bl84p27","3/24/2018","p38y2_FD",45
"bl84p27","3/24/2018","p38y2_UD",81
"bl84p27","3/26/2018","bl62gr62_FD",112
"bl84p27","3/26/2018","bl62gr62_UD",124
"bl84p27","3/27/2018","w34r14_FD",130
"bl84p27","3/27/2018","w34r14_UD",124
"bl84pi94","12/10/2018","bl100pu80_FD",58
"bl84pi94","12/10/2018","bl33ye35_FD",13
"bl84pi94","12/10/2018","bl33ye35_UD",21
"bl84pi94","12/10/2018","bl40b60_calls",85
"bl84pi94","12/13/2018","bl33ye35_FD",27
"bl84pi94","12/13/2018","pu21pu22_UD",13
"bl84pi94","12/5/2018","bl32gy22_UD",75
"bl84pi94","12/5/2018","blk17_UD",15
"bl84pi94","12/7/2018","bl100pu80_FD",14
"bl84pi94","12/7/2018","bl33ye35_FD",2
"bl84pi94","12/7/2018","bl90pi15_FD",9
"bl84re84","1/25/2019","bl33ye35_FD",6
"bl84re84","1/25/2019","bl65wh75_FD",67
"bl84re84","1/28/2019","bl33ye35_FD",19
"bl84re84","1/28/2019","bl4b13_UD",71
"bl84re84","1/29/2019","bl33ye35_FD",30
"bl84re84","1/29/2019","bl33ye35_UD",78
"bl84re84","1/31/2019","bkor_UD",3
"bl84re84","1/31/2019","bl33ye35_FD",5
"bl84re84","1/31/2019","bl65wh75_FD",51
"bl84re84","2/5/2019","blk17_FD",134
"bl84re84","2/5/2019","blk17_UD",35
"bl84re84","2/6/2019","bl33ye35_FD",24
"bl84re84","2/6/2019","bl33ye35_UD",11
"bl84re84","2/6/2019","blk17_UD",275
"bl84re84","2/7/2019","bl33ye35_FD",175
"bl84re84","2/7/2019","bl33ye35_UD",211
"bl85gr18","8/19/2019","bl61or11_FD",5
"bl85gr18","8/19/2019","bl74gy24_FD",1
"bl85re","10/26/2018","bl36p46_calls",3
"bl85re","10/26/2018","bl4b13_UD",17
"bl92re92","10/21/2018","bl100pu80_FD",110
"bl92re92","10/21/2018","bl100pu80_UD",142
"bl92re92","10/21/2018","gy72_UD",3
"bl92re92","10/22/2018","bl17bl57_UD",1
"bl92re92","10/22/2018","bl32gy22_UD",130
"bl92re92","10/22/2018","gy72_UD",3
"bl92re92","10/23/2018","bl100pu80_FD",58
"bl92re92","10/23/2018","bl90pi15_FD",46
"bl92re92","10/24/2018","bl100pu80_FD",4
"bl92re92","10/24/2018","bl90pi15_FD",7
"bl92re92","10/24/2018","yelred_FD",85
"bl92re92","10/24/2018","yelred_UD",98
"bl92re92","10/26/2018","bl100pu80_FD",55
"bl92re92","10/26/2018","bl100pu80_UD",152
"bl92re92","11/13/2018","bl43p196_UD",25
"bl92re92","11/13/2018","g32b89_UD",13
"bl92re92","11/14/2018","bl11pu3_UD",157
"bl92re92","11/14/2018","g32b89_UD",120
"bl92re92","11/2/2018","bl100pu80_FD",29
"bl92re92","11/2/2018","bl90pi15_FD",40
"bl92re92","11/3/2018","bl100pu80_UD",69
"bl92re92","11/3/2018","bl90pi15_FD",7
"bl92re92","11/3/2018","pu17pu18_UD",23
"bl92re92","11/6/2018","bl100pu80_FD",260
"bl92re92","11/6/2018","bl100pu80_UD",18
"bl92re92","11/6/2018","bl34pu94_FD",212
"bl92re92","11/8/2018","bkor_FD",159
"bl92re92","11/8/2018","bkor_UD",115
"bl92re92","11/9/2018","bkor_FD",143
"bl92re92","11/9/2018","bkor_UD",112
"bl92re92","11/9/2018","bl43p196_UD",117
"bl92re92","11/9/2018","bl4b13_UD",39
"bl93re93","2/20/2019","pu35pu36_UD",229
"bl93re93","2/20/2019","y40b7_UD",313
"bl93re93","2/21/2019","bl58gr33_FD",300
"bl93re93","2/21/2019","bl87re02_FD",901
"bl93re93","2/22/2019","bl58gr33_FD",242
"bl93re93","2/22/2019","bl87re02_FD",2172
"bl99pu75","11/19/2019","pu35pu36_UD",56
"bl99pu75","11/19/2019","y40b7_UD",120
"bl99pu75","11/21/2019","bkor_FD",122
"bl99pu75","11/21/2019","bkor_UD",559
"bl99pu75","11/9/2019","bl4b13_UD",184
"bl99pu75","11/9/2019","r16y36",83
"bl99pu75","12/2/2019","gy58gr08_FD",229
"bl99pu75","12/2/2019","gy58gr08_UD",91
"g5g95","9/24/2018","bl36p46_calls",21
"g5g95","9/24/2018","bl40b60_calls",69
"gr30bk64","2/4/2021","bl111gr09_FD",25
"gr30bk64","2/4/2021","bl111gr09_UD",198
"grey","3/29/2018","fatsyllables",47
"grey","3/29/2018","oldsyllables",72
"grey","3/30/2018","fatsyllables",38
"grey","3/30/2018","oldsyllables",29
"grey","3/31/2018","fatsyllables",9
"grey","3/31/2018","oldsyllables",19
"grngrn","3/29/2018","fatsyllables",17
"grngrn","3/29/2018","oldsyllables",17
"grngrn","3/30/2018","fatsyllables",90
"grngrn","3/30/2018","oldsyllables",41
"gy132gr44","6/16/2021","bl43p196_UD",16
"gy132gr44","6/16/2021","bl4b13_UD",12
"gy132gr44","6/17/2021","bl43p196_UD",6
"gy132gr44","6/17/2021","bl4b13_UD",2
"gy132gr44","6/24/2021","bl129bk49_FD",93
"gy132gr44","6/24/2021","bl43p196_UD",1
"gy132gr44","6/24/2021","bl4b13_UD",1
"gy132gr44","6/24/2021","bl93pi29_FD",118
"gy132gr44","6/28/2021","bl129bk49_FD",26
"gy132gr44","6/28/2021","bl93pi29_FD",48
"gy132gr44","6/29/2021","bl129bk49_FD",32
"gy132gr44","6/29/2021","bl93pi29_FD",40
"gy132gr44","7/6/2021","bl129bk49_FD",60
"gy132gr44","7/6/2021","bl93pi29_FD",126
"gy132gr44","7/7/2021","bl129bk49_FD",129
"gy132gr44","7/7/2021","bl93pi29_FD",43
"gy132gr44","7/8/2021","bl129bk49_FD",22
"gy132gr44","7/8/2021","bl93pi29_FD",33
"gy175gr05","1/30/2021","bl111gr09_FD",71
"gy175gr05","1/30/2021","bl21pu11_FD",94
"gy175gr05","12/12/2020","bkor_UD",1
"gy175gr05","12/12/2020","pi183y24_UD",7
"gy175gr05","12/3/2020","bl43p196_UD",10
"gy175gr05","12/3/2020","bl4b13_UD",11
"gy175gr05","12/5/2020","pu35pu36_UD",21
"gy175gr05","12/5/2020","y40b7_UD",20
"gy82bk81","2/14/2019","pu35pu36_UD",16
"gy82bk81","2/14/2019","y40b7_UD",61
"gy82bk81","8/23/2018","bl40b60_calls",90
"gy82bk81","8/23/2018","bl65wh75_FD",102
"gy82bk81","8/23/2018","bl86pi11_FD",10
"gy82bk81","8/24/2018","bl65wh75_FD",58
"gy82bk81","8/24/2018","bl86pi11_FD",3
"gy82bk81","8/24/2018","blk17_FD",331
"gy82bk81","8/24/2018","blk17_UD",162
"gy82bk81","8/27/2018","bl34pu94_FD",97
"gy82bk81","8/27/2018","bl90pi15_FD",94
"gy82bk81","8/27/2018","blk17_UD",1
"gy82bk81","8/28/2018","bl34pu94_FD",764
"gy82bk81","8/28/2018","bl90pi15_FD",124
"gy82bk81","8/29/2018","bl34pu94_FD",35
"gy82bk81","8/29/2018","pu35pu36_UD",376
"gy82bk81","8/29/2018","y40b7_UD",74
"gy84bk83","5/20/2018","bl65wh75_FD",45
"gy84bk83","5/20/2018","bl86pi11_FD",28
"gy84bk83","5/21/2018","bl65wh75_FD",16
"gy84bk83","5/21/2018","bl86pi11_FD",23
"gy85pi55","8/14/2018","bl11pu3_FD",464
"gy85pi55","8/14/2018","bl36p46_calls",1
"gy85pi55","8/14/2018","bl4b13_FD",157
"gy85pi55","8/15/2018","bl11pu3_FD",3
"gy85pi55","8/15/2018","bl34pu94_FD",237
"gy85pi55","8/15/2018","bl90pi15_FD",13
"gy85pi55","8/23/2018","bl40b60_calls",206
"gy85pi55","8/23/2018","bl65wh75_FD",248
"gy85pi55","8/23/2018","bl86pi11_FD",11
"gy85pi55","8/24/2018","bl65wh75_FD",346
"gy85pi55","8/24/2018","bl86pi11_FD",3
"gy85pi55","8/24/2018","blk17_FD",412
"gy85pi55","8/24/2018","blk17_UD",447
"gy85pi55","8/27/2018","bl34pu94_FD",6
"gy85pi55","8/27/2018","bl90pi15_FD",308
"gy85pi55","8/27/2018","blk17_UD",38
"gy85pi55","8/28/2018","bl34pu94_FD",421
"gy85pi55","8/28/2018","bl90pi15_FD",349
"gy85pi55","8/29/2018","bl34pu94_FD",34
"gy85pi55","8/29/2018","pu35pu36_UD",554
"gy85pi55","8/29/2018","y40b7_UD",12
"gy85pi55","8/31/2018","bl34pu94_FD",315
"gy85pi55","8/31/2018","bl34pu94_UD",1032
"gy85pi55","9/4/2018","bl90pi15_FD",354
"gy85pi55","9/4/2018","bl90pi15_UD",535
"gy85pi55","9/5/2018","bl90pi15_FD",414
"gy85pi55","9/5/2018","bl90pi15_UD",350
"gy93gr91","6/10/2019","pu35pu36_UD",148
"gy93gr91","6/10/2019","y40b7_UD",135
"gy93gr91","6/11/2019","bkor_FD",301
"gy93gr91","6/11/2019","bkor_UD",310
"gy93gr91","6/12/2019","yelred_FD",6
"gy93gr91","6/12/2019","yelred_UD",135
"gy93gr91","6/18/2019","pu35pu36_UD",73
"gy93gr91","6/18/2019","y40b7_UD",76
"gy93gr91","6/19/2019","bl63bk93_FD",363
"gy93gr91","6/19/2019","bl90or19_FD",932
"gy93gr91","6/19/2019","yelred_UD",3
"gy93gr91","6/20/2019","bl63bk93_FD",981
"gy93gr91","6/20/2019","bl90or19_FD",7696
"gy93gr91","6/24/2019","bl90or19_FD",1
"gy93gr91","6/24/2019","pu35pu36_UD",41
"gy93gr91","6/24/2019","y40b7_UD",21
"gy93gr91","6/6/2019","bl11pu3_UD",170
"gy93gr91","6/6/2019","g32b89_UD",158
"gy93gr91","6/7/2019","blk17_UD",79
"gy93gr91","6/7/2019","pi183y24_UD",64
"gy93gr91","6/8/2019","blk17_UD",323
"gy93gr91","6/8/2019","pi183y24_UD",231
"gy93gr91","7/2/2019","bl63bk93_FD",287
"gy93gr91","7/2/2019","bl90or19_FD",174
"gy93gr91","7/24/2019","bl63bk93_FD",6
"gy93gr91","7/24/2019","bl71bl60_FD",23
"gy93gr91","7/24/2019","bl90or19_FD",35
"gy93gr91","7/25/2019","bl63bk93_FD",6
"gy93gr91","7/25/2019","bl90or19_FD",18
"gy93gr91","7/25/2019","blk17_UD",37
"gy93gr91","7/26/2019","bkor_FD",25
"gy93gr91","7/26/2019","bkor_UD",34
"gy93gr91","7/26/2019","bl63bk93_FD",18
"gy93gr91","7/26/2019","bl90or19_FD",39
"gy93gr91","8/2/2019","yelred_FD",59
"gy93gr91","8/2/2019","yelred_UD",4
"gy93gr91","8/5/2019","bkor_FD",24
"gy93gr91","8/5/2019","bkor_UD",47
"gy93gr91","8/7/2019","bl63bk93_FD",35
"gy93gr91","8/7/2019","bl90or19_FD",38
"orbk","10/11/2018","bead_withnoise",25
"orbk","10/11/2018","daeb_withnoise",54
"orgblk","3/29/2018","fatsyllables",36
"orgblk","3/29/2018","oldsyllables",88
"orgblk","3/30/2018","fatsyllables",14
"orgblk","3/30/2018","oldsyllables",42
"orgblk","3/31/2018","fatsyllables",15
"orgblk","3/31/2018","oldsyllables",15
"p53wh53","9/10/2018","pu35pu36_UD",115
"p53wh53","9/10/2018","y40b7_UD",142
"p53wh53","9/6/2018","bl65wh75_FD",49
"p53wh53","9/6/2018","bl86pi11_FD",78
"p53wh53","9/7/2018","bl65wh75_FD",28
"p53wh53","9/7/2018","bl86pi11_FD",161
"pair","8/29/2017","bl17bl57_FD",283
"pair","8/29/2017","bl32gy22_UD",92
"pair","9/5/2017","bl17bl57_FD",104
"pair","9/5/2017","bl32gy22_UD",27
"pi128ye78","12/22/2020","bl111gr09_FD",134
"pi128ye78","12/22/2020","bl21pu11_FD",658
"pi128ye78","12/24/2020","bl21pu11_FD",89
"pi128ye78","12/24/2020","yelred_FD",65
"pi128ye78","12/24/2020","yelred_UD",520
"pi137wh67","1/22/2020","bl35ye25_FD",19
"pi137wh67","1/22/2020","bl35ye25_UD",19
"pi137wh67","1/22/2020","pu55bl08_FD",25
"pi137wh67","1/23/2020","bl35ye25_FD",9
"pi137wh67","1/23/2020","bl35ye25_UD",12
"pi137wh67","1/24/2020","bl35ye25_FD",37
"pi137wh67","1/24/2020","bl35ye25_UD",23
"pi137wh67","1/24/2020","pu55bl08_UD",5
"pi138wh68","1/21/2020","bl36p46_calls",7
"pi138wh68","1/21/2020","pi183y24_UD",7
"pi138wh68","1/21/2020","r16y36",17
"pi138wh68","1/22/2020","bl35ye25_FD",5
"pi138wh68","1/22/2020","bl35ye25_UD",1
"pi138wh68","1/22/2020","pu55bl08_FD",60
"pi138wh68","1/23/2020","bl35ye25_FD",7
"pi138wh68","1/23/2020","bl35ye25_UD",6
"pi138wh68","1/23/2020","pu55bl08_FD",184
"pi138wh68","1/25/2020","bl35ye25_FD",11
"pi138wh68","1/25/2020","bl35ye25_UD",2
"pi138wh68","1/25/2020","bl43p196_UD",1
"pi138wh68","1/25/2020","pu55bl08_FD",13
"pi138wh68","1/25/2020","pu55bl08_UD",22
"pi196gy56","10/11/2019","bl31pi51_FD",73
"pi196gy56","10/11/2019","bl49gy31_FD",6
"pi198ye98","10/10/2019","bl31pi51_FD",269
"pi198ye98","10/10/2019","bl31pi51_UD",9
"pi198ye98","10/10/2019","bl49gy31_FD",54
"pi198ye98","10/11/2019","bl31pi51_FD",198
"pi198ye98","10/11/2019","bl31pi51_UD",32
"pi198ye98","10/11/2019","bl49gy31_FD",89
"pi198ye98","10/3/2019","bkor_FD",48
"pi198ye98","10/3/2019","bkor_UD",43
"pi198ye98","10/3/2019","blk17_FD",97
"pi198ye98","10/3/2019","blk17_UD",44
"pi198ye98","10/7/2019","bl31pi51_FD",115
"pi198ye98","10/7/2019","bl49gy31_FD",147
"pi198ye98","10/8/2019","bl31pi51_FD",209
"pi198ye98","10/8/2019","bl49gy31_FD",253
"pi198ye98","9/17/2019","bl11pu3_UD",16
"pi198ye98","9/17/2019","g32b89_UD",41
"pi198ye98","9/4/2019","bl43p196_UD",104
"pi198ye98","9/4/2019","bl4b13_UD",15
"pi198ye98","9/5/2019","bl43p196_UD",34
"pi198ye98","9/5/2019","y40b7_UD",12
"pi198ye98","9/9/2019","g32b89_UD",23
"pi198ye98","9/9/2019","pu35pu36_UD",59
"pi198ye98","9/9/2019","y40b7_UD",9
"pi52wh52","8/14/2018","bl11pu3_FD",12
"pi52wh52","8/14/2018","bl36p46_calls",760
"pi52wh52","8/14/2018","bl40b60_calls",3
"pi52wh52","8/14/2018","bl4b13_FD",24
"pi52wh52","8/15/2018","bl11pu3_FD",31
"pi52wh52","8/15/2018","bl34pu94_FD",110
"pi52wh52","8/15/2018","bl4b13_FD",1
"pi52wh52","8/15/2018","bl90pi15_FD",3
"pi52wh52","8/23/2018","bl40b60_calls",131
"pi52wh52","8/23/2018","bl86pi11_FD",33
"pi52wh52","8/24/2018","bl65wh75_FD",69
"pi52wh52","8/24/2018","bl86pi11_FD",3
"pi52wh52","8/24/2018","blk17_FD",160
"pi52wh52","8/24/2018","blk17_UD",110
"pi52wh52","8/27/2018","bl34pu94_FD",6
"pi52wh52","8/27/2018","bl90pi15_FD",37
"pi52wh52","8/27/2018","blk17_UD",25
"pi52wh52","8/29/2018","pu35pu36_UD",61
"pi52wh52","8/29/2018","y40b7_UD",272
"pi52wh52","9/5/2018","bl90pi15_FD",42
"pi52wh52","9/5/2018","bl90pi15_UD",24
"pi53wh53","5/14/2018","bl11pu3_FD",151
"pi53wh53","5/14/2018","bl4b13_FD",52
"pi53wh53","5/14/2018","bl65wh75_FD",46
"pi53wh53","5/14/2018","bl86pi11_FD",103
"pi53wh53","6/18/2018","bl65wh75_FD",35
"pi53wh53","6/18/2018","bl86pi11_FD",187
"pi53wh53","6/19/2018","bl11pu3_FD",1
"pi53wh53","6/19/2018","bl4b13_FD",36
"pi53wh53","6/19/2018","s3684",64
"pi94ye84","6/14/2019","bl43p196_UD",36
"pi94ye84","6/14/2019","bl4b13_UD",38
"pi94ye84","6/18/2019","pu35pu36_UD",157
"pi94ye84","6/18/2019","y40b7_UD",141
"pi94ye84","6/21/2019","bl63bk93_FD",21
"pi94ye84","6/21/2019","bl90or19_FD",19
"pi94ye84","7/2/2019","bl63bk93_FD",60
"pi94ye84","7/2/2019","bl90or19_FD",67
"pi99ye39","1/30/2020","bl17gr84_FD",44
"pi99ye39","1/30/2020","bl17gr84_UD",59
"pu45gr15","3/13/2018","p38y2_FD",63
"pu45gr15","3/13/2018","p77y27_UD",109
"pu45gr15","3/15/2018","w34r14_FD",129
"pu45gr15","3/15/2018","w34r14_UD",88
"pu45gr15","3/16/2018","p77y27_FD",223
"pu45gr15","3/16/2018","p77y27_UD",136
"s3494","1/4/2019","bl17pi39_FD",1811
"s3494","1/4/2019","bl65wh75_FD",541
"s3494","1/5/2019","bl17pi39_FD",52
"s3494","1/5/2019","bl65wh75_FD",2569
"s3494","1/5/2019","blk17_UD",27
"s3494","1/6/2019","blk17_FD",533
"s3494","1/6/2019","blk17_UD",302
"s3494","10/22/2018","bl17bl57_UD",34
"s3494","10/22/2018","yelred_UD",1
"s3494","10/23/2018","bl100pu80_FD",46
"s3494","10/23/2018","bl65wh75_FD",7
"s3494","10/23/2018","bl90pi15_FD",116
"s3494","10/24/2018","bl65wh75_FD",113
"s3494","10/24/2018","bl65wh75_UD",488
"s3494","6/18/2018","bl65wh75_FD",55
"s3494","6/18/2018","bl86pi11_FD",210
"s3494","6/19/2018","bl11pu3_FD",375
"s3494","6/19/2018","bl4b13_FD",172
"s3494","6/20/2018","yelred_FD",394
"s3494","6/20/2018","yelred_UD",623
"s3628","2/13/2020","bl4b13_UD",225
"s3628","2/13/2020","pi183y24_UD",315
"s3628","2/16/2020","bl149gr49_FD",59
"s3628","2/16/2020","bl61or11_FD",60
"s3628","2/17/2020","bl149gr49_FD",59
"s3628","2/17/2020","bl61or11_FD",52
"s3628","2/18/2020","bl149gr49_FD",86
"s3628","2/18/2020","bl61or11_FD",72
"s3628","2/7/2020","bl11pu3_UD",156
"s3628","2/7/2020","pi183y24_UD",9
"s3628","2/7/2020","yelred_FD",13
"s3628","2/7/2020","yelred_UD",36
"s3642","10/11/2018","daeb_withnoise",6
"s3642","10/11/2018","gr1pi71",48
"s3742","10/10/2018","bead_withnoise",48
"s3742","10/10/2018","bl11pu3_FD",7
"s3742","10/10/2018","daeb_withnoise",33
"s3742","10/10/2018","gr1pi71",146
"s3742","10/10/2018","pu55bl08_FD",2
"s3742","10/3/2018","pu35pu36_UD",132
"s3742","10/3/2018","y40b7_UD",398
"s3742","10/9/2018","bl14y6_FD",53
"s3742","10/9/2018","bl14y6_UD",13
"s3742","10/9/2018","y40b7_UD",3
"s3742","9/25/2018","blk17_FD",122
"s3742","9/25/2018","blk17_UD",34
"s3742","9/26/2018","blk17_FD",236
"s3742","9/26/2018","blk17_UD",245
"s3742","9/27/2018","blk17_FD",117
"s3742","9/27/2018","blk17_UD",13
"s3774","10/10/2018","bl11pu3_FD",106
"s3774","10/10/2018","bl14y6_FD",119
"s3774","10/10/2018","bl14y6_UD",97
"s3774","10/10/2018","gr1pi71",11
"s3774","10/10/2018","pu55bl08_FD",473
"s3774","10/9/2018","bl14y6_FD",70
"s3774","10/9/2018","bl14y6_UD",22
"s3774","10/9/2018","pu55bl08_FD",221
"s3774","10/9/2018","y40b7_UD",7
"s3774","9/14/2018","pu35pu36_UD",198
"s3774","9/14/2018","y40b7_UD",567
"s3774","9/17/2018","bl4b13_FD",13
"s3774","9/17/2018","y40b7_UD",318
"s3774","9/19/2018","bl34pu94_FD",4
"s3774","9/19/2018","bl4b13_FD",53
"s3774","9/19/2018","bl90pi15_FD",53
"s3774","9/19/2018","bl90pi15_UD",3
"s3774","9/27/2018","blk17_FD",126
"s3774","9/27/2018","blk17_UD",171
"s3774","9/28/2018","blk17_UD",13
"s3774","9/28/2018","gy72_UD",302
"skyblk","3/29/2018","fatsyllables",37
"skyblk","3/29/2018","oldsyllables",69
"skyblk","3/31/2018","fatsyllables",42
"skyblk","3/31/2018","oldsyllables",45
"skyyel","3/30/2018","fatsyllables",128
"skyyel","3/30/2018","oldsyllables",93
"skyyel","4/25/2018","yelred_FD",19
"skyyel","4/25/2018","yelred_UD",34
"testing","11/11/2021","blk17_UD",22
"testing","11/11/2021","pi183y24_UD",4
"w11pu92","3/15/2018","bl11pu3_FD",167
"w11pu92","3/15/2018","y7wh27",446
"w11pu92","3/16/2018","bl11pu3_FD",451
"w11pu92","3/16/2018","y7wh27",1064
"w11pu92","3/22/2018","bl11pu3_FD",255
"w11pu92","3/22/2018","bl11pu3_UD",6
"w11pu92","3/22/2018","y7wh27",431
"w71","3/13/2018","w34r14_FD",56
"w71","3/13/2018","w34r14_UD",81
"w71","3/14/2018","bl62gr62_FD",183
"w71","3/14/2018","bl62gr62_UD",111
"w71","3/15/2018","p77y27_FD",287
"w71","3/15/2018","p77y27_UD",180
"w71","3/17/2018","w34r14_FD",107
"w71","3/17/2018","w34r14_UD",74
"w71","3/23/2018","p38y2_FD",28
"w71","3/23/2018","p38y2_UD",112
"w71","3/24/2018","w34r14_FD",33
"w71","3/24/2018","w34r14_UD",1
"wh13pu94","4/10/2019","bl43pi73_FD",2
"wh13pu94","4/10/2019","bl58gr33_FD",15
"wh13pu94","4/10/2019","y40b7_UD",3
"wh13pu94","4/11/2019","bl43pi73_FD",114
"wh13pu94","4/11/2019","bl58gr33_FD",226
"wh13pu94","4/12/2019","bl43pi73_FD",109
"wh13pu94","4/12/2019","bl58gr33_FD",47
"wh13pu94","4/9/2019","bl43p196_UD",4
"wh13pu94","4/9/2019","pu35pu36_UD",1
"wh13pu94","4/9/2019","y40b7_UD",283
"wh13pu94","5/1/2019","bkor_FD",1
"wh13pu94","5/1/2019","bkor_UD",6
"wh13pu94","5/1/2019","blk17_UD",69
"wh13pu95","2/22/2019","bl58gr33_FD",103
"wh13pu95","2/22/2019","y40b7_UD",457
"wh141gy171","1/31/2020","bl35ye25_FD",60
"wh141gy171","1/31/2020","bl35ye25_UD",11
"wh141gy171","1/31/2020","bl43p196_UD",53
"wh141gy171","1/31/2020","bl4b13_UD",2
"wh141gy171","1/31/2020","pu55bl08_FD",102
"wh141gy171","1/31/2020","pu55bl08_UD",134
"wh141gy171","2/1/2020","bl35ye25_FD",34
"wh141gy171","2/1/2020","bl35ye25_UD",21
"wh141gy171","2/1/2020","pu55bl08_FD",97
"wh141gy171","2/1/2020","pu55bl08_UD",68
"wh141gy171","2/2/2020","bl35ye25_FD",44
"wh141gy171","2/2/2020","bl35ye25_UD",12
"wh141gy171","2/2/2020","pu55bl08_FD",248
"wh141gy171","2/2/2020","pu55bl08_UD",218
"wh142gy172","1/26/2020","bl36p46_calls",2
"wh142gy172","1/26/2020","bl4b13_UD",4
"wh142gy172","1/31/2020","bl35ye25_FD",44
"wh142gy172","1/31/2020","bl35ye25_UD",3
"wh142gy172","1/31/2020","bl4b13_UD",62
"wh142gy172","1/31/2020","pu55bl08_FD",105
"wh142gy172","2/1/2020","bl35ye25_FD",40
"wh142gy172","2/1/2020","bl35ye25_UD",23
"wh142gy172","2/1/2020","pu55bl08_FD",338
"wh142gy172","2/1/2020","pu55bl08_UD",3
"wh142gy172","2/2/2020","bl35ye25_FD",63
"wh142gy172","2/2/2020","bl35ye25_UD",18
"wh142gy172","2/2/2020","pu55bl08_FD",103
"wh142gy172","2/2/2020","pu55bl08_UD",3
"wh27wh28","1/1/2019","bl4b13_UD",13
"wh27wh28","1/1/2019","r16y36",29
"wh27wh28","1/2/2019","bl4b13_UD",128
"wh27wh28","1/2/2019","blk17_FD",278
"wh27wh28","1/2/2019","blk17_UD",275
"wh27wh28","1/2/2019","r16y36",3
"wh27wh28","1/3/2019","bkor_FD",6
"wh27wh28","1/3/2019","bkor_UD",168
"wh27wh28","1/4/2019","bkor_FD",354
"wh27wh28","1/4/2019","bkor_UD",173
"wh27wh28","1/5/2019","bkor_UD",703
"wh27wh28","1/5/2019","bl11pu3_UD",307
"wh27wh28","1/6/2019","bl11pu3_UD",763
"wh27wh28","1/6/2019","bl43p196_UD",450
"wh27wh28","12/10/2018","bl37p47_calls",565
"wh27wh28","12/10/2018","bl40b60_calls",7
"wh27wh28","12/10/2018","bl4b13_UD",158
"wh27wh28","12/10/2018","blk17_FD",280
"wh27wh28","12/10/2018","blk17_UD",432
"wh27wh28","12/10/2018","pi183y24_UD",240
"wh27wh28","12/11/2018","bkor_UD",298
"wh27wh28","12/11/2018","blk17_FD",121
"wh27wh28","12/11/2018","blk17_UD",36
"wh27wh28","12/11/2018","r16y36",12
"wh27wh28","12/31/2018","bl11pu3_UD",356
"wh27wh28","12/31/2018","pi183y24_UD",888
"wh27wh28","12/7/2018","pu35pu36_UD",301
"wh27wh28","12/7/2018","y40b7_UD",166
"wh36pi46","6/26/2019","bl63bk93_FD",6
"wh36pi46","6/26/2019","bl90or19_FD",10
"wh65gy55","10/10/2019","bl31pi51_FD",4
"wh65gy55","10/10/2019","bl49gy31_FD",161
"wh65gy55","10/10/2019","bl49gy31_UD",19
"wh65gy55","10/11/2019","bl49gy31_FD",17
"wh65gy55","10/11/2019","bl49gy31_UD",78
"wh65gy55","10/8/2019","bl31pi51_FD",71
"wh65gy55","10/8/2019","bl49gy31_FD",119
"y34or157","3/21/2018","bl62gr62_FD",354
"y34or157","3/21/2018","bl62gr62_UD",126
"y34or157","3/22/2018","p38y2_FD",188
"y34or157","3/22/2018","p38y2_UD",366
"y34or157","3/23/2018","p77y27_FD",283
"y34or157","3/23/2018","p77y27_UD",154
"y34or157","3/24/2018","w34r14_FD",219
"y34or157","3/24/2018","w34r14_UD",114
"y34or157","3/26/2018","w34r14_FD",280
"y34or157","3/26/2018","w34r14_UD",14
"y56","3/13/2018","p77y27_FD",42
"y56","3/13/2018","p77y27_UD",80
"y56","3/14/2018","p38y2_FD",6
"y56","3/14/2018","p38y2_UD",135
"y56","3/15/2018","bl62gr62_FD",28
"y56","3/15/2018","bl62gr62_UD",1
"y56","3/16/2018","w34r14_FD",141
"y56","3/16/2018","w34r14_UD",205
"ye72gy52","8/20/2019","bl63bk93_FD",18
"ye72gy52","8/20/2019","bl90or19_FD",22
"ye72gy52","8/20/2019","yelred_FD",1
"ye72gy52","8/20/2019","yelred_UD",6
"ye72gy52","8/5/2019","bkor_FD",9
"ye72gy52","8/5/2019","bkor_UD",57
"ye72gy52","8/6/2019","blk17_FD",53
"ye72gy52","8/6/2019","blk17_UD",37
NA,NA,NA,1
